<?xml version="1.0" standalone="yes"?>
<DocumentElement>
  <Employee>
    <EmployeeID>1</EmployeeID>
    <FirstName>Terri</FirstName>
    <LastName>Duffy</LastName>
    <Title>VP Engineering</Title>
    <DepartmentID>1</DepartmentID>
  </Employee>
  <Employee>
    <EmployeeID>2</EmployeeID>
    <FirstName>Jian Shuo</FirstName>
    <LastName>Wang</LastName>
    <Title>Engineering Manager</Title>
    <DepartmentID>1</DepartmentID>
  </Employee>
  <Employee>
    <EmployeeID>3</EmployeeID>
    <FirstName>Michael</FirstName>
    <LastName>Sullivan</LastName>
    <Title>Sr. Design Engineer</Title>
    <DepartmentID>1</DepartmentID>
  </Employee>
  <Employee>
    <EmployeeID>4</EmployeeID>
    <FirstName>Sharon</FirstName>
    <LastName>Salavaria</LastName>
    <Title>Design Engineer</Title>
    <DepartmentID>1</DepartmentID>
  </Employee>
  <Employee>
    <EmployeeID>5</EmployeeID>
    <FirstName>Gail</FirstName>
    <LastName>Erickson</LastName>
    <Title>Design Engineer</Title>
    <DepartmentID>1</DepartmentID>
  </Employee>
  <Employee>
    <EmployeeID>6</EmployeeID>
    <FirstName>Jossef</FirstName>
    <LastName>Goldberg</LastName>
    <Title>Design Engineer</Title>
    <DepartmentID>1</DepartmentID>
  </Employee>
  <Employee>
    <EmployeeID>7</EmployeeID>
    <FirstName>Ovidiu</FirstName>
    <LastName>Crãcium</LastName>
    <Title>Sr. Tool Designer</Title>
    <DepartmentID>2</DepartmentID>
  </Employee>
  <Employee>
    <EmployeeID>8</EmployeeID>
    <FirstName>Janice</FirstName>
    <LastName>Galvin</LastName>
    <Title>Tool Designer</Title>
    <DepartmentID>2</DepartmentID>
  </Employee>
  <Employee>
    <EmployeeID>9</EmployeeID>
    <FirstName>Thierry</FirstName>
    <LastName>D'Hers</LastName>
    <Title>Tool Designer</Title>
    <DepartmentID>2</DepartmentID>
  </Employee>
  <Employee>
    <EmployeeID>10</EmployeeID>
    <FirstName>Brian</FirstName>
    <LastName>Welcker</LastName>
    <Title>VP Sales</Title>
    <DepartmentID>3</DepartmentID>
  </Employee>
  <Employee>
    <EmployeeID>14</EmployeeID>
    <FirstName>Stephen</FirstName>
    <LastName>Jiang</LastName>
    <Title>North American Sales Manager</Title>
    <DepartmentID>3</DepartmentID>
  </Employee>
  <Employee>
    <EmployeeID>20</EmployeeID>
    <FirstName>Syed</FirstName>
    <LastName>Abbas</LastName>
    <Title>Pacific Sales Manager</Title>
    <DepartmentID>3</DepartmentID>
  </Employee>
  <Employee>
    <EmployeeID>21</EmployeeID>
    <FirstName>Amy</FirstName>
    <LastName>Alberts</LastName>
    <Title>European Sales Manager</Title>
    <DepartmentID>3</DepartmentID>
  </Employee>
  <Employee>
    <EmployeeID>22</EmployeeID>
    <FirstName>Pamela</FirstName>
    <LastName>Ansman-Wolfe</LastName>
    <Title>Sales Representative</Title>
    <DepartmentID>3</DepartmentID>
  </Employee>
  <Employee>
    <EmployeeID>23</EmployeeID>
    <FirstName>David</FirstName>
    <LastName>Campbell</LastName>
    <Title>Sales Representative</Title>
    <DepartmentID>3</DepartmentID>
  </Employee>
  <Employee>
    <EmployeeID>24</EmployeeID>
    <FirstName>Fernando</FirstName>
    <LastName>Caro</LastName>
    <Title>Sales Representative</Title>
    <DepartmentID>3</DepartmentID>
  </Employee>
  <Employee>
    <EmployeeID>26</EmployeeID>
    <FirstName>Shu</FirstName>
    <LastName>Ito</LastName>
    <Title>Sales Representative</Title>
    <DepartmentID>3</DepartmentID>
  </Employee>
  <Employee>
    <EmployeeID>27</EmployeeID>
    <FirstName>Linda</FirstName>
    <LastName>Mitchell</LastName>
    <Title>Sales Representative</Title>
    <DepartmentID>3</DepartmentID>
  </Employee>
  <Employee>
    <EmployeeID>29</EmployeeID>
    <FirstName>Tsvi</FirstName>
    <LastName>Reiter</LastName>
    <Title>Sales Representative</Title>
    <DepartmentID>3</DepartmentID>
  </Employee>
  <Employee>
    <EmployeeID>31</EmployeeID>
    <FirstName>José</FirstName>
    <LastName>Saraiva</LastName>
    <Title>Sales Representative</Title>
    <DepartmentID>3</DepartmentID>
  </Employee>
  <Employee>
    <EmployeeID>33</EmployeeID>
    <FirstName>Garrett</FirstName>
    <LastName>Vargar</LastName>
    <Title>Sales Representative</Title>
    <DepartmentID>3</DepartmentID>
  </Employee>
  <Employee>
    <EmployeeID>34</EmployeeID>
    <FirstName>Ranjit</FirstName>
    <LastName>Varkey Chudukatil</LastName>
    <Title>Sales Representative</Title>
    <DepartmentID>3</DepartmentID>
  </Employee>
  <Employee>
    <EmployeeID>35</EmployeeID>
    <FirstName>Rachel</FirstName>
    <LastName>Valdez</LastName>
    <Title>Sales Representative</Title>
    <DepartmentID>3</DepartmentID>
  </Employee>
  <Employee>
    <EmployeeID>36</EmployeeID>
    <FirstName>Lynn</FirstName>
    <LastName>Tsoflias</LastName>
    <Title>Sales Representative</Title>
    <DepartmentID>3</DepartmentID>
  </Employee>
  <Employee>
    <EmployeeID>37</EmployeeID>
    <FirstName>Jae</FirstName>
    <LastName>Pak</LastName>
    <Title>Sales Representative</Title>
    <DepartmentID>3</DepartmentID>
  </Employee>
  <Employee>
    <EmployeeID>38</EmployeeID>
    <FirstName>Michael</FirstName>
    <LastName>Blythe</LastName>
    <Title>Sales Representative</Title>
    <DepartmentID>3</DepartmentID>
  </Employee>
  <Employee>
    <EmployeeID>40</EmployeeID>
    <FirstName>David</FirstName>
    <LastName>Bradley</LastName>
    <Title>Marketing Manager</Title>
    <DepartmentID>4</DepartmentID>
  </Employee>
  <Employee>
    <EmployeeID>41</EmployeeID>
    <FirstName>Wanida</FirstName>
    <LastName>Benshoof</LastName>
    <Title>Marketing Assistant</Title>
    <DepartmentID>4</DepartmentID>
  </Employee>
  <Employee>
    <EmployeeID>42</EmployeeID>
    <FirstName>Kevin</FirstName>
    <LastName>Brown</LastName>
    <Title>Marketing Assistant</Title>
    <DepartmentID>4</DepartmentID>
  </Employee>
  <Employee>
    <EmployeeID>43</EmployeeID>
    <FirstName>Mary</FirstName>
    <LastName>Dempsey</LastName>
    <Title>Marketing Assistant</Title>
    <DepartmentID>4</DepartmentID>
  </Employee>
  <Employee>
    <EmployeeID>44</EmployeeID>
    <FirstName>Terry</FirstName>
    <LastName>Eminhizer</LastName>
    <Title>Marketing Specialist</Title>
    <DepartmentID>4</DepartmentID>
  </Employee>
  <Employee>
    <EmployeeID>45</EmployeeID>
    <FirstName>Sariya</FirstName>
    <LastName>Harnpadoungsataya</LastName>
    <Title>Marketing Specialist</Title>
    <DepartmentID>4</DepartmentID>
  </Employee>
  <Employee>
    <EmployeeID>46</EmployeeID>
    <FirstName>Mary</FirstName>
    <LastName>Gibson</LastName>
    <Title>Marketing Specialist</Title>
    <DepartmentID>4</DepartmentID>
  </Employee>
  <Employee>
    <EmployeeID>47</EmployeeID>
    <FirstName>Jill</FirstName>
    <LastName>Williams</LastName>
    <Title>Marketing Specialist</Title>
    <DepartmentID>4</DepartmentID>
  </Employee>
  <Employee>
    <EmployeeID>48</EmployeeID>
    <FirstName>John</FirstName>
    <LastName>Wood</LastName>
    <Title>Marketing Specialist</Title>
    <DepartmentID>4</DepartmentID>
  </Employee>
  <Employee>
    <EmployeeID>49</EmployeeID>
    <FirstName>Sheela</FirstName>
    <LastName>Word</LastName>
    <Title>Purchasing Manager</Title>
    <DepartmentID>5</DepartmentID>
  </Employee>
  <Employee>
    <EmployeeID>50</EmployeeID>
    <FirstName>Annette</FirstName>
    <LastName>Hill</LastName>
    <Title>Purchasing Assistant</Title>
    <DepartmentID>5</DepartmentID>
  </Employee>
  <Employee>
    <EmployeeID>51</EmployeeID>
    <FirstName>Reinout</FirstName>
    <LastName>Hillmann</LastName>
    <Title>Purchasing Assistant</Title>
    <DepartmentID>5</DepartmentID>
  </Employee>
  <Employee>
    <EmployeeID>52</EmployeeID>
    <FirstName>Gordon</FirstName>
    <LastName>Hee</LastName>
    <Title>Buyer</Title>
    <DepartmentID>5</DepartmentID>
  </Employee>
  <Employee>
    <EmployeeID>53</EmployeeID>
    <FirstName>Erin</FirstName>
    <LastName>Hagins</LastName>
    <Title>Buyer</Title>
    <DepartmentID>5</DepartmentID>
  </Employee>
  <Employee>
    <EmployeeID>54</EmployeeID>
    <FirstName>Eric</FirstName>
    <LastName>Kurjan</LastName>
    <Title>Buyer</Title>
    <DepartmentID>5</DepartmentID>
  </Employee>
  <Employee>
    <EmployeeID>55</EmployeeID>
    <FirstName>Ben</FirstName>
    <LastName>Miller</LastName>
    <Title>Buyer</Title>
    <DepartmentID>5</DepartmentID>
  </Employee>
  <Employee>
    <EmployeeID>56</EmployeeID>
    <FirstName>Linda</FirstName>
    <LastName>Meisner</LastName>
    <Title>Buyer</Title>
    <DepartmentID>5</DepartmentID>
  </Employee>
  <Employee>
    <EmployeeID>57</EmployeeID>
    <FirstName>Fukiko</FirstName>
    <LastName>Ogisu</LastName>
    <Title>Buyer</Title>
    <DepartmentID>5</DepartmentID>
  </Employee>
  <Employee>
    <EmployeeID>58</EmployeeID>
    <FirstName>Frank</FirstName>
    <LastName>Pellow</LastName>
    <Title>Buyer</Title>
    <DepartmentID>5</DepartmentID>
  </Employee>
  <Employee>
    <EmployeeID>59</EmployeeID>
    <FirstName>Mikael</FirstName>
    <LastName>Sandberg</LastName>
    <Title>Buyer</Title>
    <DepartmentID>5</DepartmentID>
  </Employee>
  <Employee>
    <EmployeeID>60</EmployeeID>
    <FirstName>Arvind</FirstName>
    <LastName>Rao</LastName>
    <Title>Buyer</Title>
    <DepartmentID>5</DepartmentID>
  </Employee>
  <Employee>
    <EmployeeID>61</EmployeeID>
    <FirstName>Dylan</FirstName>
    <LastName>Miller</LastName>
    <Title>Research &amp; Development Manager</Title>
    <DepartmentID>6</DepartmentID>
  </Employee>
  <Employee>
    <EmployeeID>62</EmployeeID>
    <FirstName>Diane</FirstName>
    <LastName>Margheim</LastName>
    <Title>Research &amp; Development Engineer</Title>
    <DepartmentID>6</DepartmentID>
  </Employee>
  <Employee>
    <EmployeeID>63</EmployeeID>
    <FirstName>Gigi</FirstName>
    <LastName>Matthew</LastName>
    <Title>Research &amp; Development Engineer</Title>
    <DepartmentID>6</DepartmentID>
  </Employee>
  <Employee>
    <EmployeeID>64</EmployeeID>
    <FirstName>James</FirstName>
    <LastName>Hamilton</LastName>
    <Title>VP Production</Title>
    <DepartmentID>7</DepartmentID>
  </Employee>
  <Employee>
    <EmployeeID>65</EmployeeID>
    <FirstName>Andrew</FirstName>
    <LastName>Hill</LastName>
    <Title>Production Supervisor - WC10</Title>
    <DepartmentID>7</DepartmentID>
  </Employee>
  <Employee>
    <EmployeeID>66</EmployeeID>
    <FirstName>Zheng</FirstName>
    <LastName>Mu</LastName>
    <Title>Production Supervisor - WC10</Title>
    <DepartmentID>7</DepartmentID>
  </Employee>
  <Employee>
    <EmployeeID>67</EmployeeID>
    <FirstName>Cristian</FirstName>
    <LastName>Petculescu</LastName>
    <Title>Production Supervisor - WC10</Title>
    <DepartmentID>7</DepartmentID>
  </Employee>
  <Employee>
    <EmployeeID>68</EmployeeID>
    <FirstName>Jack</FirstName>
    <LastName>Richins</LastName>
    <Title>Production Supervisor - WC30</Title>
    <DepartmentID>7</DepartmentID>
  </Employee>
  <Employee>
    <EmployeeID>69</EmployeeID>
    <FirstName>Cynthia</FirstName>
    <LastName>Randall</LastName>
    <Title>Production Supervisor - WC30</Title>
    <DepartmentID>7</DepartmentID>
  </Employee>
  <Employee>
    <EmployeeID>70</EmployeeID>
    <FirstName>Michael</FirstName>
    <LastName>Ray</LastName>
    <Title>Production Supervisor - WC30</Title>
    <DepartmentID>7</DepartmentID>
  </Employee>
  <Employee>
    <EmployeeID>71</EmployeeID>
    <FirstName>Brenda</FirstName>
    <LastName>Diaz</LastName>
    <Title>Production Supervisor - WC40</Title>
    <DepartmentID>7</DepartmentID>
  </Employee>
  <Employee>
    <EmployeeID>72</EmployeeID>
    <FirstName>Reuben</FirstName>
    <LastName>D'sa</LastName>
    <Title>Production Supervisor - WC40</Title>
    <DepartmentID>7</DepartmentID>
  </Employee>
  <Employee>
    <EmployeeID>73</EmployeeID>
    <FirstName>David</FirstName>
    <LastName>Hamilton</LastName>
    <Title>Production Supervisor - WC40</Title>
    <DepartmentID>7</DepartmentID>
  </Employee>
  <Employee>
    <EmployeeID>74</EmployeeID>
    <FirstName>Jeff</FirstName>
    <LastName>Hay</LastName>
    <Title>Production Supervisor - WC45</Title>
    <DepartmentID>7</DepartmentID>
  </Employee>
  <Employee>
    <EmployeeID>75</EmployeeID>
    <FirstName>Shane</FirstName>
    <LastName>Kim</LastName>
    <Title>Production Supervisor - WC45</Title>
    <DepartmentID>7</DepartmentID>
  </Employee>
  <Employee>
    <EmployeeID>76</EmployeeID>
    <FirstName>Lori</FirstName>
    <LastName>Kane</LastName>
    <Title>Production Supervisor - WC45</Title>
    <DepartmentID>7</DepartmentID>
  </Employee>
  <Employee>
    <EmployeeID>77</EmployeeID>
    <FirstName>Jinghao</FirstName>
    <LastName>Liu</LastName>
    <Title>Production Supervisor - WC50</Title>
    <DepartmentID>7</DepartmentID>
  </Employee>
  <Employee>
    <EmployeeID>78</EmployeeID>
    <FirstName>Kok-Ho</FirstName>
    <LastName>Loh</LastName>
    <Title>Production Supervisor - WC50</Title>
    <DepartmentID>7</DepartmentID>
  </Employee>
  <Employee>
    <EmployeeID>79</EmployeeID>
    <FirstName>Taylor</FirstName>
    <LastName>Maxwell</LastName>
    <Title>Production Supervisor - WC50</Title>
    <DepartmentID>7</DepartmentID>
  </Employee>
  <Employee>
    <EmployeeID>80</EmployeeID>
    <FirstName>Jo</FirstName>
    <LastName>Brown</LastName>
    <Title>Production Supervisor - WC60</Title>
    <DepartmentID>7</DepartmentID>
  </Employee>
  <Employee>
    <EmployeeID>81</EmployeeID>
    <FirstName>John</FirstName>
    <LastName>Campbell</LastName>
    <Title>Production Supervisor - WC60</Title>
    <DepartmentID>7</DepartmentID>
  </Employee>
  <Employee>
    <EmployeeID>82</EmployeeID>
    <FirstName>JoLynn</FirstName>
    <LastName>Dobney</LastName>
    <Title>Production Supervisor - WC60</Title>
    <DepartmentID>7</DepartmentID>
  </Employee>
  <Employee>
    <EmployeeID>83</EmployeeID>
    <FirstName>Matt</FirstName>
    <LastName>Dawson</LastName>
    <Title>Production Technician - WC10</Title>
    <DepartmentID>7</DepartmentID>
  </Employee>
  <Employee>
    <EmployeeID>84</EmployeeID>
    <FirstName>Sidney</FirstName>
    <LastName>Higa</LastName>
    <Title>Production Technician - WC10</Title>
    <DepartmentID>7</DepartmentID>
  </Employee>
  <Employee>
    <EmployeeID>85</EmployeeID>
    <FirstName>Jeffrey</FirstName>
    <LastName>Ford</LastName>
    <Title>Production Technician - WC10</Title>
    <DepartmentID>7</DepartmentID>
  </Employee>
  <Employee>
    <EmployeeID>86</EmployeeID>
    <FirstName>Doris</FirstName>
    <LastName>Hartwig</LastName>
    <Title>Production Technician - WC10</Title>
    <DepartmentID>7</DepartmentID>
  </Employee>
  <Employee>
    <EmployeeID>87</EmployeeID>
    <FirstName>Diane</FirstName>
    <LastName>Glimp</LastName>
    <Title>Production Technician - WC10</Title>
    <DepartmentID>7</DepartmentID>
  </Employee>
  <Employee>
    <EmployeeID>88</EmployeeID>
    <FirstName>Barry</FirstName>
    <LastName>Johnson</LastName>
    <Title>Production Technician - WC10</Title>
    <DepartmentID>7</DepartmentID>
  </Employee>
  <Employee>
    <EmployeeID>89</EmployeeID>
    <FirstName>Geneva</FirstName>
    <LastName>Kouba</LastName>
    <Title>Production Technician - WC10</Title>
    <DepartmentID>7</DepartmentID>
  </Employee>
  <Employee>
    <EmployeeID>90</EmployeeID>
    <FirstName>Kevin</FirstName>
    <LastName>Homer</LastName>
    <Title>Production Technician - WC10</Title>
    <DepartmentID>7</DepartmentID>
  </Employee>
  <Employee>
    <EmployeeID>91</EmployeeID>
    <FirstName>Christopher</FirstName>
    <LastName>Hill</LastName>
    <Title>Production Technician - WC10</Title>
    <DepartmentID>7</DepartmentID>
  </Employee>
  <Employee>
    <EmployeeID>92</EmployeeID>
    <FirstName>John</FirstName>
    <LastName>Kane</LastName>
    <Title>Production Technician - WC10</Title>
    <DepartmentID>7</DepartmentID>
  </Employee>
  <Employee>
    <EmployeeID>93</EmployeeID>
    <FirstName>Ebru</FirstName>
    <LastName>Ersan</LastName>
    <Title>Production Technician - WC10</Title>
    <DepartmentID>7</DepartmentID>
  </Employee>
  <Employee>
    <EmployeeID>94</EmployeeID>
    <FirstName>Mary</FirstName>
    <LastName>Baker</LastName>
    <Title>Production Technician - WC10</Title>
    <DepartmentID>7</DepartmentID>
  </Employee>
  <Employee>
    <EmployeeID>95</EmployeeID>
    <FirstName>Kimberly</FirstName>
    <LastName>Zimmerman</LastName>
    <Title>Production Technician - WC10</Title>
    <DepartmentID>7</DepartmentID>
  </Employee>
  <Employee>
    <EmployeeID>96</EmployeeID>
    <FirstName>Patrick</FirstName>
    <LastName>Wedge</LastName>
    <Title>Production Technician - WC10</Title>
    <DepartmentID>7</DepartmentID>
  </Employee>
  <Employee>
    <EmployeeID>97</EmployeeID>
    <FirstName>Danielle</FirstName>
    <LastName>Tiedt</LastName>
    <Title>Production Technician - WC10</Title>
    <DepartmentID>7</DepartmentID>
  </Employee>
  <Employee>
    <EmployeeID>98</EmployeeID>
    <FirstName>Tom</FirstName>
    <LastName>Vande Velde</LastName>
    <Title>Production Technician - WC10</Title>
    <DepartmentID>7</DepartmentID>
  </Employee>
  <Employee>
    <EmployeeID>99</EmployeeID>
    <FirstName>Betsy</FirstName>
    <LastName>Stadick</LastName>
    <Title>Production Technician - WC10</Title>
    <DepartmentID>7</DepartmentID>
  </Employee>
  <Employee>
    <EmployeeID>100</EmployeeID>
    <FirstName>Hung-Fu</FirstName>
    <LastName>Ting</LastName>
    <Title>Production Technician - WC20</Title>
    <DepartmentID>7</DepartmentID>
  </Employee>
  <Employee>
    <EmployeeID>101</EmployeeID>
    <FirstName>Min</FirstName>
    <LastName>Su</LastName>
    <Title>Production Technician - WC20</Title>
    <DepartmentID>7</DepartmentID>
  </Employee>
  <Employee>
    <EmployeeID>102</EmployeeID>
    <FirstName>Balaganesan</FirstName>
    <LastName>Swaminathan</LastName>
    <Title>Production Technician - WC20</Title>
    <DepartmentID>7</DepartmentID>
  </Employee>
  <Employee>
    <EmployeeID>103</EmployeeID>
    <FirstName>Olinda</FirstName>
    <LastName>Turner</LastName>
    <Title>Production Technician - WC20</Title>
    <DepartmentID>7</DepartmentID>
  </Employee>
  <Employee>
    <EmployeeID>104</EmployeeID>
    <FirstName>Sylvester</FirstName>
    <LastName>Valdez</LastName>
    <Title>Production Technician - WC20</Title>
    <DepartmentID>7</DepartmentID>
  </Employee>
  <Employee>
    <EmployeeID>105</EmployeeID>
    <FirstName>Prasanna</FirstName>
    <LastName>Samarawickrama</LastName>
    <Title>Production Technician - WC20</Title>
    <DepartmentID>7</DepartmentID>
  </Employee>
  <Employee>
    <EmployeeID>106</EmployeeID>
    <FirstName>Paul</FirstName>
    <LastName>Singh</LastName>
    <Title>Production Technician - WC20</Title>
    <DepartmentID>7</DepartmentID>
  </Employee>
  <Employee>
    <EmployeeID>107</EmployeeID>
    <FirstName>Samantha</FirstName>
    <LastName>Smith</LastName>
    <Title>Production Technician - WC20</Title>
    <DepartmentID>7</DepartmentID>
  </Employee>
  <Employee>
    <EmployeeID>108</EmployeeID>
    <FirstName>Anibal</FirstName>
    <LastName>Sousa</LastName>
    <Title>Production Technician - WC20</Title>
    <DepartmentID>7</DepartmentID>
  </Employee>
  <Employee>
    <EmployeeID>109</EmployeeID>
    <FirstName>Ivo</FirstName>
    <LastName>Salmre</LastName>
    <Title>Production Technician - WC20</Title>
    <DepartmentID>7</DepartmentID>
  </Employee>
  <Employee>
    <EmployeeID>110</EmployeeID>
    <FirstName>Raymond</FirstName>
    <LastName>Sam</LastName>
    <Title>Production Technician - WC20</Title>
    <DepartmentID>7</DepartmentID>
  </Employee>
  <Employee>
    <EmployeeID>111</EmployeeID>
    <FirstName>Lane</FirstName>
    <LastName>Sacksteder</LastName>
    <Title>Production Technician - WC20</Title>
    <DepartmentID>7</DepartmentID>
  </Employee>
  <Employee>
    <EmployeeID>112</EmployeeID>
    <FirstName>Linda</FirstName>
    <LastName>Randall</LastName>
    <Title>Production Technician - WC20</Title>
    <DepartmentID>7</DepartmentID>
  </Employee>
  <Employee>
    <EmployeeID>113</EmployeeID>
    <FirstName>Barry</FirstName>
    <LastName>Potter</LastName>
    <Title>Production Technician - WC20</Title>
    <DepartmentID>7</DepartmentID>
  </Employee>
  <Employee>
    <EmployeeID>114</EmployeeID>
    <FirstName>Shelley</FirstName>
    <LastName>Dyck</LastName>
    <Title>Production Technician - WC20</Title>
    <DepartmentID>7</DepartmentID>
  </Employee>
  <Employee>
    <EmployeeID>115</EmployeeID>
    <FirstName>Hanying</FirstName>
    <LastName>Feng</LastName>
    <Title>Production Technician - WC20</Title>
    <DepartmentID>7</DepartmentID>
  </Employee>
  <Employee>
    <EmployeeID>116</EmployeeID>
    <FirstName>Fadi</FirstName>
    <LastName>Fakhouri</LastName>
    <Title>Production Technician - WC20</Title>
    <DepartmentID>7</DepartmentID>
  </Employee>
  <Employee>
    <EmployeeID>117</EmployeeID>
    <FirstName>Barbara</FirstName>
    <LastName>Decker</LastName>
    <Title>Production Technician - WC20</Title>
    <DepartmentID>7</DepartmentID>
  </Employee>
  <Employee>
    <EmployeeID>118</EmployeeID>
    <FirstName>John</FirstName>
    <LastName>Chen</LastName>
    <Title>Production Technician - WC20</Title>
    <DepartmentID>7</DepartmentID>
  </Employee>
  <Employee>
    <EmployeeID>119</EmployeeID>
    <FirstName>Jonathan</FirstName>
    <LastName>Hass</LastName>
    <Title>Production Technician - WC20</Title>
    <DepartmentID>7</DepartmentID>
  </Employee>
  <Employee>
    <EmployeeID>120</EmployeeID>
    <FirstName>Michael</FirstName>
    <LastName>Hines</LastName>
    <Title>Production Technician - WC20</Title>
    <DepartmentID>7</DepartmentID>
  </Employee>
  <Employee>
    <EmployeeID>121</EmployeeID>
    <FirstName>Wendy</FirstName>
    <LastName>Kahn</LastName>
    <Title>Production Technician - WC20</Title>
    <DepartmentID>7</DepartmentID>
  </Employee>
  <Employee>
    <EmployeeID>122</EmployeeID>
    <FirstName>Marc</FirstName>
    <LastName>Ingle</LastName>
    <Title>Production Technician - WC30</Title>
    <DepartmentID>7</DepartmentID>
  </Employee>
  <Employee>
    <EmployeeID>123</EmployeeID>
    <FirstName>Reed</FirstName>
    <LastName>Koch</LastName>
    <Title>Production Technician - WC30</Title>
    <DepartmentID>7</DepartmentID>
  </Employee>
  <Employee>
    <EmployeeID>124</EmployeeID>
    <FirstName>Russell</FirstName>
    <LastName>King</LastName>
    <Title>Production Technician - WC30</Title>
    <DepartmentID>7</DepartmentID>
  </Employee>
  <Employee>
    <EmployeeID>125</EmployeeID>
    <FirstName>David</FirstName>
    <LastName>Johnson</LastName>
    <Title>Production Technician - WC30</Title>
    <DepartmentID>7</DepartmentID>
  </Employee>
  <Employee>
    <EmployeeID>126</EmployeeID>
    <FirstName>George</FirstName>
    <LastName>Li</LastName>
    <Title>Production Technician - WC30</Title>
    <DepartmentID>7</DepartmentID>
  </Employee>
  <Employee>
    <EmployeeID>127</EmployeeID>
    <FirstName>A</FirstName>
    <LastName>Francesca</LastName>
    <Title>Production Technician - WC30</Title>
    <DepartmentID>7</DepartmentID>
  </Employee>
  <Employee>
    <EmployeeID>128</EmployeeID>
    <FirstName>Benjamin</FirstName>
    <LastName>Martin</LastName>
    <Title>Production Technician - WC30</Title>
    <DepartmentID>7</DepartmentID>
  </Employee>
  <Employee>
    <EmployeeID>129</EmployeeID>
    <FirstName>David</FirstName>
    <LastName>Lawrence</LastName>
    <Title>Production Technician - WC30</Title>
    <DepartmentID>7</DepartmentID>
  </Employee>
  <Employee>
    <EmployeeID>130</EmployeeID>
    <FirstName>Jan</FirstName>
    <LastName>Miksovsky</LastName>
    <Title>Production Technician - WC30</Title>
    <DepartmentID>7</DepartmentID>
  </Employee>
  <Employee>
    <EmployeeID>131</EmployeeID>
    <FirstName>Susan</FirstName>
    <LastName>Metters</LastName>
    <Title>Production Technician - WC30</Title>
    <DepartmentID>7</DepartmentID>
  </Employee>
  <Employee>
    <EmployeeID>132</EmployeeID>
    <FirstName>David</FirstName>
    <LastName>Yalovsky</LastName>
    <Title>Production Technician - WC30</Title>
    <DepartmentID>7</DepartmentID>
  </Employee>
  <Employee>
    <EmployeeID>133</EmployeeID>
    <FirstName>Eugene</FirstName>
    <LastName>Zabokritski</LastName>
    <Title>Production Technician - WC30</Title>
    <DepartmentID>7</DepartmentID>
  </Employee>
  <Employee>
    <EmployeeID>134</EmployeeID>
    <FirstName>Garrett</FirstName>
    <LastName>Young</LastName>
    <Title>Production Technician - WC30</Title>
    <DepartmentID>7</DepartmentID>
  </Employee>
  <Employee>
    <EmployeeID>135</EmployeeID>
    <FirstName>Michael</FirstName>
    <LastName>Vanderhyde</LastName>
    <Title>Production Technician - WC30</Title>
    <DepartmentID>7</DepartmentID>
  </Employee>
  <Employee>
    <EmployeeID>136</EmployeeID>
    <FirstName>Bruce</FirstName>
    <LastName>Wang</LastName>
    <Title>Production Technician - WC30</Title>
    <DepartmentID>7</DepartmentID>
  </Employee>
  <Employee>
    <EmployeeID>137</EmployeeID>
    <FirstName>Raja</FirstName>
    <LastName>Venugopal</LastName>
    <Title>Production Technician - WC30</Title>
    <DepartmentID>7</DepartmentID>
  </Employee>
  <Employee>
    <EmployeeID>138</EmployeeID>
    <FirstName>Jason</FirstName>
    <LastName>Watters</LastName>
    <Title>Production Technician - WC30</Title>
    <DepartmentID>7</DepartmentID>
  </Employee>
  <Employee>
    <EmployeeID>139</EmployeeID>
    <FirstName>Andy</FirstName>
    <LastName>Ruth</LastName>
    <Title>Production Technician - WC30</Title>
    <DepartmentID>7</DepartmentID>
  </Employee>
  <Employee>
    <EmployeeID>140</EmployeeID>
    <FirstName>Rostislav</FirstName>
    <LastName>Shabalin</LastName>
    <Title>Production Technician - WC30</Title>
    <DepartmentID>7</DepartmentID>
  </Employee>
  <Employee>
    <EmployeeID>141</EmployeeID>
    <FirstName>Steven</FirstName>
    <LastName>Selikoff</LastName>
    <Title>Production Technician - WC30</Title>
    <DepartmentID>7</DepartmentID>
  </Employee>
  <Employee>
    <EmployeeID>142</EmployeeID>
    <FirstName>Carole</FirstName>
    <LastName>Poland</LastName>
    <Title>Production Technician - WC30</Title>
    <DepartmentID>7</DepartmentID>
  </Employee>
  <Employee>
    <EmployeeID>143</EmployeeID>
    <FirstName>Bjorn</FirstName>
    <LastName>Rettig</LastName>
    <Title>Production Technician - WC30</Title>
    <DepartmentID>7</DepartmentID>
  </Employee>
  <Employee>
    <EmployeeID>144</EmployeeID>
    <FirstName>Michiko</FirstName>
    <LastName>Osada</LastName>
    <Title>Production Technician - WC30</Title>
    <DepartmentID>7</DepartmentID>
  </Employee>
  <Employee>
    <EmployeeID>145</EmployeeID>
    <FirstName>Carol</FirstName>
    <LastName>Philips</LastName>
    <Title>Production Technician - WC30</Title>
    <DepartmentID>7</DepartmentID>
  </Employee>
  <Employee>
    <EmployeeID>146</EmployeeID>
    <FirstName>Merav</FirstName>
    <LastName>Netz</LastName>
    <Title>Production Technician - WC30</Title>
    <DepartmentID>7</DepartmentID>
  </Employee>
  <Employee>
    <EmployeeID>147</EmployeeID>
    <FirstName>Fred</FirstName>
    <LastName>Northup</LastName>
    <Title>Production Technician - WC40</Title>
    <DepartmentID>7</DepartmentID>
  </Employee>
  <Employee>
    <EmployeeID>148</EmployeeID>
    <FirstName>Rajesh</FirstName>
    <LastName>Patel</LastName>
    <Title>Production Technician - WC40</Title>
    <DepartmentID>7</DepartmentID>
  </Employee>
  <Employee>
    <EmployeeID>149</EmployeeID>
    <FirstName>Lorraine</FirstName>
    <LastName>Nay</LastName>
    <Title>Production Technician - WC40</Title>
    <DepartmentID>7</DepartmentID>
  </Employee>
  <Employee>
    <EmployeeID>150</EmployeeID>
    <FirstName>Tawana</FirstName>
    <LastName>Nusbaum</LastName>
    <Title>Production Technician - WC40</Title>
    <DepartmentID>7</DepartmentID>
  </Employee>
  <Employee>
    <EmployeeID>151</EmployeeID>
    <FirstName>Ken</FirstName>
    <LastName>Myer</LastName>
    <Title>Production Technician - WC40</Title>
    <DepartmentID>7</DepartmentID>
  </Employee>
  <Employee>
    <EmployeeID>152</EmployeeID>
    <FirstName>Alejandro</FirstName>
    <LastName>McGuel</LastName>
    <Title>Production Technician - WC40</Title>
    <DepartmentID>7</DepartmentID>
  </Employee>
  <Employee>
    <EmployeeID>153</EmployeeID>
    <FirstName>Shammi</FirstName>
    <LastName>Mohamed</LastName>
    <Title>Production Technician - WC40</Title>
    <DepartmentID>7</DepartmentID>
  </Employee>
  <Employee>
    <EmployeeID>154</EmployeeID>
    <FirstName>Paula</FirstName>
    <LastName>Nartker</LastName>
    <Title>Production Technician - WC40</Title>
    <DepartmentID>7</DepartmentID>
  </Employee>
  <Employee>
    <EmployeeID>155</EmployeeID>
    <FirstName>Brian</FirstName>
    <LastName>Lloyd</LastName>
    <Title>Production Technician - WC40</Title>
    <DepartmentID>7</DepartmentID>
  </Employee>
  <Employee>
    <EmployeeID>156</EmployeeID>
    <FirstName>Frank</FirstName>
    <LastName>Lee</LastName>
    <Title>Production Technician - WC40</Title>
    <DepartmentID>7</DepartmentID>
  </Employee>
  <Employee>
    <EmployeeID>157</EmployeeID>
    <FirstName>Gabe</FirstName>
    <LastName>Mares</LastName>
    <Title>Production Technician - WC40</Title>
    <DepartmentID>7</DepartmentID>
  </Employee>
  <Employee>
    <EmployeeID>158</EmployeeID>
    <FirstName>Kevin</FirstName>
    <LastName>Liu</LastName>
    <Title>Production Technician - WC40</Title>
    <DepartmentID>7</DepartmentID>
  </Employee>
  <Employee>
    <EmployeeID>159</EmployeeID>
    <FirstName>Ryan</FirstName>
    <LastName>Cornelsen</LastName>
    <Title>Production Technician - WC40</Title>
    <DepartmentID>7</DepartmentID>
  </Employee>
  <Employee>
    <EmployeeID>160</EmployeeID>
    <FirstName>Kirk</FirstName>
    <LastName>DeGrasse</LastName>
    <Title>Production Technician - WC40</Title>
    <DepartmentID>7</DepartmentID>
  </Employee>
  <Employee>
    <EmployeeID>161</EmployeeID>
    <FirstName>Patrick</FirstName>
    <LastName>Cook</LastName>
    <Title>Production Technician - WC40</Title>
    <DepartmentID>7</DepartmentID>
  </Employee>
  <Employee>
    <EmployeeID>162</EmployeeID>
    <FirstName>Jack</FirstName>
    <LastName>Creasey</LastName>
    <Title>Production Technician - WC40</Title>
    <DepartmentID>7</DepartmentID>
  </Employee>
  <Employee>
    <EmployeeID>163</EmployeeID>
    <FirstName>Brian</FirstName>
    <LastName>Goldstein</LastName>
    <Title>Production Technician - WC40</Title>
    <DepartmentID>7</DepartmentID>
  </Employee>
  <Employee>
    <EmployeeID>164</EmployeeID>
    <FirstName>Mihail</FirstName>
    <LastName>Frintu</LastName>
    <Title>Production Technician - WC40</Title>
    <DepartmentID>7</DepartmentID>
  </Employee>
  <Employee>
    <EmployeeID>165</EmployeeID>
    <FirstName>Sandeep</FirstName>
    <LastName>Kaliyath</LastName>
    <Title>Production Technician - WC40</Title>
    <DepartmentID>7</DepartmentID>
  </Employee>
  <Employee>
    <EmployeeID>166</EmployeeID>
    <FirstName>Frank</FirstName>
    <LastName>Martinez</LastName>
    <Title>Production Technician - WC40</Title>
    <DepartmentID>7</DepartmentID>
  </Employee>
  <Employee>
    <EmployeeID>167</EmployeeID>
    <FirstName>Nicole</FirstName>
    <LastName>Holliday</LastName>
    <Title>Production Technician - WC40</Title>
    <DepartmentID>7</DepartmentID>
  </Employee>
  <Employee>
    <EmployeeID>168</EmployeeID>
    <FirstName>Paul</FirstName>
    <LastName>Komosinski</LastName>
    <Title>Production Technician - WC40</Title>
    <DepartmentID>7</DepartmentID>
  </Employee>
  <Employee>
    <EmployeeID>169</EmployeeID>
    <FirstName>Gary</FirstName>
    <LastName>Yukish</LastName>
    <Title>Production Technician - WC40</Title>
    <DepartmentID>7</DepartmentID>
  </Employee>
  <Employee>
    <EmployeeID>170</EmployeeID>
    <FirstName>Michael</FirstName>
    <LastName>Rothkugel</LastName>
    <Title>Production Technician - WC40</Title>
    <DepartmentID>7</DepartmentID>
  </Employee>
  <Employee>
    <EmployeeID>171</EmployeeID>
    <FirstName>Rob</FirstName>
    <LastName>Caron</LastName>
    <Title>Production Technician - WC40</Title>
    <DepartmentID>7</DepartmentID>
  </Employee>
  <Employee>
    <EmployeeID>172</EmployeeID>
    <FirstName>Baris</FirstName>
    <LastName>Cetinok</LastName>
    <Title>Production Technician - WC40</Title>
    <DepartmentID>7</DepartmentID>
  </Employee>
  <Employee>
    <EmployeeID>173</EmployeeID>
    <FirstName>Andrew</FirstName>
    <LastName>Cencini</LastName>
    <Title>Production Technician - WC45</Title>
    <DepartmentID>7</DepartmentID>
  </Employee>
  <Employee>
    <EmployeeID>174</EmployeeID>
    <FirstName>Kirk</FirstName>
    <LastName>Koenigsbauer</LastName>
    <Title>Production Technician - WC45</Title>
    <DepartmentID>7</DepartmentID>
  </Employee>
  <Employee>
    <EmployeeID>175</EmployeeID>
    <FirstName>Laura</FirstName>
    <LastName>Steele</LastName>
    <Title>Production Technician - WC45</Title>
    <DepartmentID>7</DepartmentID>
  </Employee>
  <Employee>
    <EmployeeID>176</EmployeeID>
    <FirstName>Chris</FirstName>
    <LastName>Preston</LastName>
    <Title>Production Technician - WC45</Title>
    <DepartmentID>7</DepartmentID>
  </Employee>
  <Employee>
    <EmployeeID>177</EmployeeID>
    <FirstName>Alex</FirstName>
    <LastName>Nayberg</LastName>
    <Title>Production Technician - WC45</Title>
    <DepartmentID>7</DepartmentID>
  </Employee>
  <Employee>
    <EmployeeID>178</EmployeeID>
    <FirstName>Lionel</FirstName>
    <LastName>Penuchot</LastName>
    <Title>Production Technician - WC45</Title>
    <DepartmentID>7</DepartmentID>
  </Employee>
  <Employee>
    <EmployeeID>179</EmployeeID>
    <FirstName>Yvonne</FirstName>
    <LastName>McKay</LastName>
    <Title>Production Technician - WC45</Title>
    <DepartmentID>7</DepartmentID>
  </Employee>
  <Employee>
    <EmployeeID>180</EmployeeID>
    <FirstName>Douglas</FirstName>
    <LastName>Hite</LastName>
    <Title>Production Technician - WC45</Title>
    <DepartmentID>7</DepartmentID>
  </Employee>
  <Employee>
    <EmployeeID>181</EmployeeID>
    <FirstName>Janeth</FirstName>
    <LastName>Esteves</LastName>
    <Title>Production Technician - WC45</Title>
    <DepartmentID>7</DepartmentID>
  </Employee>
  <Employee>
    <EmployeeID>182</EmployeeID>
    <FirstName>Robert</FirstName>
    <LastName>Rounthwaite</LastName>
    <Title>Production Technician - WC45</Title>
    <DepartmentID>7</DepartmentID>
  </Employee>
  <Employee>
    <EmployeeID>183</EmployeeID>
    <FirstName>Belinda</FirstName>
    <LastName>Newman</LastName>
    <Title>Production Technician - WC45</Title>
    <DepartmentID>7</DepartmentID>
  </Employee>
  <Employee>
    <EmployeeID>184</EmployeeID>
    <FirstName>Stuart</FirstName>
    <LastName>Munson</LastName>
    <Title>Production Technician - WC45</Title>
    <DepartmentID>7</DepartmentID>
  </Employee>
  <Employee>
    <EmployeeID>185</EmployeeID>
    <FirstName>Osarumwense</FirstName>
    <LastName>Agbonile</LastName>
    <Title>Production Technician - WC45</Title>
    <DepartmentID>7</DepartmentID>
  </Employee>
  <Employee>
    <EmployeeID>186</EmployeeID>
    <FirstName>Scott</FirstName>
    <LastName>Gode</LastName>
    <Title>Production Technician - WC45</Title>
    <DepartmentID>7</DepartmentID>
  </Employee>
  <Employee>
    <EmployeeID>187</EmployeeID>
    <FirstName>Kathie</FirstName>
    <LastName>Flood</LastName>
    <Title>Production Technician - WC45</Title>
    <DepartmentID>7</DepartmentID>
  </Employee>
  <Employee>
    <EmployeeID>188</EmployeeID>
    <FirstName>Don</FirstName>
    <LastName>Hall</LastName>
    <Title>Production Technician - WC50</Title>
    <DepartmentID>7</DepartmentID>
  </Employee>
  <Employee>
    <EmployeeID>189</EmployeeID>
    <FirstName>Kitti</FirstName>
    <LastName>Lertpiriyasuwat</LastName>
    <Title>Production Technician - WC50</Title>
    <DepartmentID>7</DepartmentID>
  </Employee>
  <Employee>
    <EmployeeID>190</EmployeeID>
    <FirstName>Jun</FirstName>
    <LastName>Cao</LastName>
    <Title>Production Technician - WC50</Title>
    <DepartmentID>7</DepartmentID>
  </Employee>
  <Employee>
    <EmployeeID>191</EmployeeID>
    <FirstName>John</FirstName>
    <LastName>Evans</LastName>
    <Title>Production Technician - WC50</Title>
    <DepartmentID>7</DepartmentID>
  </Employee>
  <Employee>
    <EmployeeID>192</EmployeeID>
    <FirstName>Angela</FirstName>
    <LastName>Barbariol</LastName>
    <Title>Production Technician - WC50</Title>
    <DepartmentID>7</DepartmentID>
  </Employee>
  <Employee>
    <EmployeeID>193</EmployeeID>
    <FirstName>Suroor</FirstName>
    <LastName>Fatima</LastName>
    <Title>Production Technician - WC50</Title>
    <DepartmentID>7</DepartmentID>
  </Employee>
  <Employee>
    <EmployeeID>194</EmployeeID>
    <FirstName>Michael</FirstName>
    <LastName>Entin</LastName>
    <Title>Production Technician - WC50</Title>
    <DepartmentID>7</DepartmentID>
  </Employee>
  <Employee>
    <EmployeeID>195</EmployeeID>
    <FirstName>Alice</FirstName>
    <LastName>Ciccu</LastName>
    <Title>Production Technician - WC50</Title>
    <DepartmentID>7</DepartmentID>
  </Employee>
  <Employee>
    <EmployeeID>196</EmployeeID>
    <FirstName>Linda</FirstName>
    <LastName>Moschel</LastName>
    <Title>Production Technician - WC50</Title>
    <DepartmentID>7</DepartmentID>
  </Employee>
  <Employee>
    <EmployeeID>197</EmployeeID>
    <FirstName>Mindaugas</FirstName>
    <LastName>Krapauskas</LastName>
    <Title>Production Technician - WC50</Title>
    <DepartmentID>7</DepartmentID>
  </Employee>
  <Employee>
    <EmployeeID>198</EmployeeID>
    <FirstName>Michael</FirstName>
    <LastName>Patten</LastName>
    <Title>Production Technician - WC50</Title>
    <DepartmentID>7</DepartmentID>
  </Employee>
  <Employee>
    <EmployeeID>199</EmployeeID>
    <FirstName>Chad</FirstName>
    <LastName>Niswonger</LastName>
    <Title>Production Technician - WC50</Title>
    <DepartmentID>7</DepartmentID>
  </Employee>
  <Employee>
    <EmployeeID>200</EmployeeID>
    <FirstName>Mandar</FirstName>
    <LastName>Samant</LastName>
    <Title>Production Technician - WC50</Title>
    <DepartmentID>7</DepartmentID>
  </Employee>
  <Employee>
    <EmployeeID>201</EmployeeID>
    <FirstName>Jim</FirstName>
    <LastName>Scardelis</LastName>
    <Title>Production Technician - WC50</Title>
    <DepartmentID>7</DepartmentID>
  </Employee>
  <Employee>
    <EmployeeID>202</EmployeeID>
    <FirstName>Wei</FirstName>
    <LastName>Yu</LastName>
    <Title>Production Technician - WC50</Title>
    <DepartmentID>7</DepartmentID>
  </Employee>
  <Employee>
    <EmployeeID>203</EmployeeID>
    <FirstName>Houman</FirstName>
    <LastName>Pournasseh</LastName>
    <Title>Production Technician - WC50</Title>
    <DepartmentID>7</DepartmentID>
  </Employee>
  <Employee>
    <EmployeeID>204</EmployeeID>
    <FirstName>Sameer</FirstName>
    <LastName>Tejani</LastName>
    <Title>Production Technician - WC50</Title>
    <DepartmentID>7</DepartmentID>
  </Employee>
  <Employee>
    <EmployeeID>205</EmployeeID>
    <FirstName>Elizabeth</FirstName>
    <LastName>Keyser</LastName>
    <Title>Production Technician - WC50</Title>
    <DepartmentID>7</DepartmentID>
  </Employee>
  <Employee>
    <EmployeeID>206</EmployeeID>
    <FirstName>Russell</FirstName>
    <LastName>Hunter</LastName>
    <Title>Production Technician - WC50</Title>
    <DepartmentID>7</DepartmentID>
  </Employee>
  <Employee>
    <EmployeeID>207</EmployeeID>
    <FirstName>Lolan</FirstName>
    <LastName>Song</LastName>
    <Title>Production Technician - WC50</Title>
    <DepartmentID>7</DepartmentID>
  </Employee>
  <Employee>
    <EmployeeID>208</EmployeeID>
    <FirstName>Diane</FirstName>
    <LastName>Tibbott</LastName>
    <Title>Production Technician - WC50</Title>
    <DepartmentID>7</DepartmentID>
  </Employee>
  <Employee>
    <EmployeeID>209</EmployeeID>
    <FirstName>Denise</FirstName>
    <LastName>Smith</LastName>
    <Title>Production Technician - WC50</Title>
    <DepartmentID>7</DepartmentID>
  </Employee>
  <Employee>
    <EmployeeID>210</EmployeeID>
    <FirstName>Frank</FirstName>
    <LastName>Miller</LastName>
    <Title>Production Technician - WC50</Title>
    <DepartmentID>7</DepartmentID>
  </Employee>
  <Employee>
    <EmployeeID>211</EmployeeID>
    <FirstName>Kendall</FirstName>
    <LastName>Keil</LastName>
    <Title>Production Technician - WC50</Title>
    <DepartmentID>7</DepartmentID>
  </Employee>
  <Employee>
    <EmployeeID>212</EmployeeID>
    <FirstName>Bob</FirstName>
    <LastName>Hohman</LastName>
    <Title>Production Technician - WC50</Title>
    <DepartmentID>7</DepartmentID>
  </Employee>
  <Employee>
    <EmployeeID>213</EmployeeID>
    <FirstName>Pete</FirstName>
    <LastName>Male</LastName>
    <Title>Production Technician - WC50</Title>
    <DepartmentID>7</DepartmentID>
  </Employee>
  <Employee>
    <EmployeeID>214</EmployeeID>
    <FirstName>Britta</FirstName>
    <LastName>Simon</LastName>
    <Title>Production Technician - WC60</Title>
    <DepartmentID>7</DepartmentID>
  </Employee>
  <Employee>
    <EmployeeID>215</EmployeeID>
    <FirstName>Suchitra</FirstName>
    <LastName>Mohan</LastName>
    <Title>Production Technician - WC60</Title>
    <DepartmentID>7</DepartmentID>
  </Employee>
  <Employee>
    <EmployeeID>216</EmployeeID>
    <FirstName>Chris</FirstName>
    <LastName>Okelberry</LastName>
    <Title>Production Technician - WC60</Title>
    <DepartmentID>7</DepartmentID>
  </Employee>
  <Employee>
    <EmployeeID>217</EmployeeID>
    <FirstName>Annik</FirstName>
    <LastName>Stahl</LastName>
    <Title>Production Technician - WC60</Title>
    <DepartmentID>7</DepartmentID>
  </Employee>
  <Employee>
    <EmployeeID>218</EmployeeID>
    <FirstName>Margie</FirstName>
    <LastName>Shoop</LastName>
    <Title>Production Technician - WC60</Title>
    <DepartmentID>7</DepartmentID>
  </Employee>
  <Employee>
    <EmployeeID>219</EmployeeID>
    <FirstName>Mark</FirstName>
    <LastName>McArthur</LastName>
    <Title>Production Technician - WC60</Title>
    <DepartmentID>7</DepartmentID>
  </Employee>
  <Employee>
    <EmployeeID>220</EmployeeID>
    <FirstName>Jose</FirstName>
    <LastName>Lugo</LastName>
    <Title>Production Technician - WC60</Title>
    <DepartmentID>7</DepartmentID>
  </Employee>
  <Employee>
    <EmployeeID>221</EmployeeID>
    <FirstName>Guy</FirstName>
    <LastName>Gilbert</LastName>
    <Title>Production Technician - WC60</Title>
    <DepartmentID>7</DepartmentID>
  </Employee>
  <Employee>
    <EmployeeID>222</EmployeeID>
    <FirstName>Brandon</FirstName>
    <LastName>Heidepriem</LastName>
    <Title>Production Technician - WC60</Title>
    <DepartmentID>7</DepartmentID>
  </Employee>
  <Employee>
    <EmployeeID>223</EmployeeID>
    <FirstName>Rebecca</FirstName>
    <LastName>Laszlo</LastName>
    <Title>Production Technician - WC60</Title>
    <DepartmentID>7</DepartmentID>
  </Employee>
  <Employee>
    <EmployeeID>224</EmployeeID>
    <FirstName>Kim</FirstName>
    <LastName>Abercrombie</LastName>
    <Title>Production Technician - WC60</Title>
    <DepartmentID>7</DepartmentID>
  </Employee>
  <Employee>
    <EmployeeID>225</EmployeeID>
    <FirstName>Ed</FirstName>
    <LastName>Dudenhoefer</LastName>
    <Title>Production Technician - WC60</Title>
    <DepartmentID>7</DepartmentID>
  </Employee>
  <Employee>
    <EmployeeID>226</EmployeeID>
    <FirstName>Michael</FirstName>
    <LastName>Zwilling</LastName>
    <Title>Production Technician - WC60</Title>
    <DepartmentID>7</DepartmentID>
  </Employee>
  <Employee>
    <EmployeeID>227</EmployeeID>
    <FirstName>Charles</FirstName>
    <LastName>Fitzgerald</LastName>
    <Title>Production Technician - WC60</Title>
    <DepartmentID>7</DepartmentID>
  </Employee>
  <Employee>
    <EmployeeID>228</EmployeeID>
    <FirstName>Karan</FirstName>
    <LastName>Khanna</LastName>
    <Title>Production Technician - WC60</Title>
    <DepartmentID>7</DepartmentID>
  </Employee>
  <Employee>
    <EmployeeID>229</EmployeeID>
    <FirstName>Randy</FirstName>
    <LastName>Reeves</LastName>
    <Title>Production Technician - WC60</Title>
    <DepartmentID>7</DepartmentID>
  </Employee>
  <Employee>
    <EmployeeID>230</EmployeeID>
    <FirstName>Maciej</FirstName>
    <LastName>Dusza</LastName>
    <Title>Production Technician - WC60</Title>
    <DepartmentID>7</DepartmentID>
  </Employee>
  <Employee>
    <EmployeeID>231</EmployeeID>
    <FirstName>Steve</FirstName>
    <LastName>Masters</LastName>
    <Title>Production Technician - WC60</Title>
    <DepartmentID>7</DepartmentID>
  </Employee>
  <Employee>
    <EmployeeID>232</EmployeeID>
    <FirstName>Jay</FirstName>
    <LastName>Adams</LastName>
    <Title>Production Technician - WC60</Title>
    <DepartmentID>7</DepartmentID>
  </Employee>
  <Employee>
    <EmployeeID>233</EmployeeID>
    <FirstName>David</FirstName>
    <LastName>Ortiz</LastName>
    <Title>Production Technician - WC60</Title>
    <DepartmentID>7</DepartmentID>
  </Employee>
  <Employee>
    <EmployeeID>234</EmployeeID>
    <FirstName>Nancy</FirstName>
    <LastName>Anderson</LastName>
    <Title>Production Technician - WC60</Title>
    <DepartmentID>7</DepartmentID>
  </Employee>
  <Employee>
    <EmployeeID>235</EmployeeID>
    <FirstName>Kevin</FirstName>
    <LastName>Kennedy</LastName>
    <Title>Production Technician - WC60</Title>
    <DepartmentID>7</DepartmentID>
  </Employee>
  <Employee>
    <EmployeeID>236</EmployeeID>
    <FirstName>Jerry</FirstName>
    <LastName>Kolosso</LastName>
    <Title>Production Technician - WC60</Title>
    <DepartmentID>7</DepartmentID>
  </Employee>
  <Employee>
    <EmployeeID>237</EmployeeID>
    <FirstName>Thomas</FirstName>
    <LastName>Michaels</LastName>
    <Title>Production Technician - WC60</Title>
    <DepartmentID>7</DepartmentID>
  </Employee>
  <Employee>
    <EmployeeID>238</EmployeeID>
    <FirstName>Simon</FirstName>
    <LastName>Rapier</LastName>
    <Title>Production Technician - WC60</Title>
    <DepartmentID>7</DepartmentID>
  </Employee>
  <Employee>
    <EmployeeID>239</EmployeeID>
    <FirstName>James</FirstName>
    <LastName>Kramer</LastName>
    <Title>Production Technician - WC60</Title>
    <DepartmentID>7</DepartmentID>
  </Employee>
  <Employee>
    <EmployeeID>240</EmployeeID>
    <FirstName>Ruth</FirstName>
    <LastName>Ellerbrock</LastName>
    <Title>Production Supervisor - WC20</Title>
    <DepartmentID>7</DepartmentID>
  </Employee>
  <Employee>
    <EmployeeID>241</EmployeeID>
    <FirstName>Yuhong</FirstName>
    <LastName>Li</LastName>
    <Title>Production Supervisor - WC20</Title>
    <DepartmentID>7</DepartmentID>
  </Employee>
  <Employee>
    <EmployeeID>242</EmployeeID>
    <FirstName>Katie</FirstName>
    <LastName>McAskill-White</LastName>
    <Title>Production Supervisor - WC20</Title>
    <DepartmentID>7</DepartmentID>
  </Employee>
  <Employee>
    <EmployeeID>243</EmployeeID>
    <FirstName>Peter</FirstName>
    <LastName>Krebs</LastName>
    <Title>Production Control Manager</Title>
    <DepartmentID>8</DepartmentID>
  </Employee>
  <Employee>
    <EmployeeID>244</EmployeeID>
    <FirstName>Steven</FirstName>
    <LastName>Wright</LastName>
    <Title>Master Scheduler</Title>
    <DepartmentID>8</DepartmentID>
  </Employee>
  <Employee>
    <EmployeeID>245</EmployeeID>
    <FirstName>William</FirstName>
    <LastName>Vong</LastName>
    <Title>Scheduling Assistant</Title>
    <DepartmentID>8</DepartmentID>
  </Employee>
  <Employee>
    <EmployeeID>246</EmployeeID>
    <FirstName>Sairaj</FirstName>
    <LastName>Uddin</LastName>
    <Title>Scheduling Assistant</Title>
    <DepartmentID>8</DepartmentID>
  </Employee>
  <Employee>
    <EmployeeID>247</EmployeeID>
    <FirstName>Alan</FirstName>
    <LastName>Brewer</LastName>
    <Title>Scheduling Assistant</Title>
    <DepartmentID>8</DepartmentID>
  </Employee>
  <Employee>
    <EmployeeID>248</EmployeeID>
    <FirstName>Brian</FirstName>
    <LastName>LaMee</LastName>
    <Title>Scheduling Assistant</Title>
    <DepartmentID>8</DepartmentID>
  </Employee>
  <Employee>
    <EmployeeID>249</EmployeeID>
    <FirstName>Willis</FirstName>
    <LastName>Johnson</LastName>
    <Title>Recruiter</Title>
    <DepartmentID>9</DepartmentID>
  </Employee>
  <Employee>
    <EmployeeID>250</EmployeeID>
    <FirstName>Vidur</FirstName>
    <LastName>Luthra</LastName>
    <Title>Recruiter</Title>
    <DepartmentID>9</DepartmentID>
  </Employee>
  <Employee>
    <EmployeeID>251</EmployeeID>
    <FirstName>Mindy</FirstName>
    <LastName>Martin</LastName>
    <Title>Benefits Specialist</Title>
    <DepartmentID>9</DepartmentID>
  </Employee>
  <Employee>
    <EmployeeID>252</EmployeeID>
    <FirstName>Hao</FirstName>
    <LastName>Chen</LastName>
    <Title>HR Administrative Assistant</Title>
    <DepartmentID>9</DepartmentID>
  </Employee>
  <Employee>
    <EmployeeID>253</EmployeeID>
    <FirstName>Grant</FirstName>
    <LastName>Culbertson</LastName>
    <Title>HR Administrative Assistant</Title>
    <DepartmentID>9</DepartmentID>
  </Employee>
  <Employee>
    <EmployeeID>254</EmployeeID>
    <FirstName>Paula</FirstName>
    <LastName>Barreto de Mattos</LastName>
    <Title>Human Resources Manager</Title>
    <DepartmentID>9</DepartmentID>
  </Employee>
  <Employee>
    <EmployeeID>255</EmployeeID>
    <FirstName>Brannon</FirstName>
    <LastName>Jones</LastName>
    <Title>Finance Manager</Title>
    <DepartmentID>10</DepartmentID>
  </Employee>
  <Employee>
    <EmployeeID>256</EmployeeID>
    <FirstName>David</FirstName>
    <LastName>Barber</LastName>
    <Title>Assistant to CFO</Title>
    <DepartmentID>10</DepartmentID>
  </Employee>
  <Employee>
    <EmployeeID>257</EmployeeID>
    <FirstName>David</FirstName>
    <LastName>Liu</LastName>
    <Title>Accounts Manager</Title>
    <DepartmentID>10</DepartmentID>
  </Employee>
  <Employee>
    <EmployeeID>258</EmployeeID>
    <FirstName>Barbara</FirstName>
    <LastName>Moreland</LastName>
    <Title>Accountant</Title>
    <DepartmentID>10</DepartmentID>
  </Employee>
  <Employee>
    <EmployeeID>259</EmployeeID>
    <FirstName>Mike</FirstName>
    <LastName>Seamans</LastName>
    <Title>Accountant</Title>
    <DepartmentID>10</DepartmentID>
  </Employee>
  <Employee>
    <EmployeeID>260</EmployeeID>
    <FirstName>Deborah</FirstName>
    <LastName>Poe</LastName>
    <Title>Accounts Receivable Specialist</Title>
    <DepartmentID>10</DepartmentID>
  </Employee>
  <Employee>
    <EmployeeID>261</EmployeeID>
    <FirstName>Candy</FirstName>
    <LastName>Spoon</LastName>
    <Title>Accounts Receivable Specialist</Title>
    <DepartmentID>10</DepartmentID>
  </Employee>
  <Employee>
    <EmployeeID>262</EmployeeID>
    <FirstName>Bryan</FirstName>
    <LastName>Walton</LastName>
    <Title>Accounts Receivable Specialist</Title>
    <DepartmentID>10</DepartmentID>
  </Employee>
  <Employee>
    <EmployeeID>263</EmployeeID>
    <FirstName>Dragan</FirstName>
    <LastName>Tomic</LastName>
    <Title>Accounts Payable Specialist</Title>
    <DepartmentID>10</DepartmentID>
  </Employee>
  <Employee>
    <EmployeeID>264</EmployeeID>
    <FirstName>Janet</FirstName>
    <LastName>Sheperdigian</LastName>
    <Title>Accounts Payable Specialist</Title>
    <DepartmentID>10</DepartmentID>
  </Employee>
  <Employee>
    <EmployeeID>265</EmployeeID>
    <FirstName>Jason</FirstName>
    <LastName>Carlson</LastName>
    <Title>Information Services Manager</Title>
    <DepartmentID>11</DepartmentID>
  </Employee>
  <Employee>
    <EmployeeID>266</EmployeeID>
    <FirstName>Dan</FirstName>
    <LastName>Wilson</LastName>
    <Title>Database Administrator</Title>
    <DepartmentID>11</DepartmentID>
  </Employee>
  <Employee>
    <EmployeeID>267</EmployeeID>
    <FirstName>François</FirstName>
    <LastName>Ajenstat</LastName>
    <Title>Database Administrator</Title>
    <DepartmentID>11</DepartmentID>
  </Employee>
  <Employee>
    <EmployeeID>268</EmployeeID>
    <FirstName>Stephanie</FirstName>
    <LastName>Conroy</LastName>
    <Title>Network Manager</Title>
    <DepartmentID>11</DepartmentID>
  </Employee>
  <Employee>
    <EmployeeID>269</EmployeeID>
    <FirstName>Kevin</FirstName>
    <LastName>Chrisulis</LastName>
    <Title>Network Administrator</Title>
    <DepartmentID>11</DepartmentID>
  </Employee>
  <Employee>
    <EmployeeID>270</EmployeeID>
    <FirstName>Ashvini</FirstName>
    <LastName>Sharma</LastName>
    <Title>Network Administrator</Title>
    <DepartmentID>11</DepartmentID>
  </Employee>
  <Employee>
    <EmployeeID>271</EmployeeID>
    <FirstName>Humberto</FirstName>
    <LastName>Acevedo</LastName>
    <Title>Application Specialist</Title>
    <DepartmentID>11</DepartmentID>
  </Employee>
  <Employee>
    <EmployeeID>272</EmployeeID>
    <FirstName>Debra</FirstName>
    <LastName>Core</LastName>
    <Title>Application Specialist</Title>
    <DepartmentID>11</DepartmentID>
  </Employee>
  <Employee>
    <EmployeeID>273</EmployeeID>
    <FirstName>Ramesh</FirstName>
    <LastName>Meyyappan</LastName>
    <Title>Application Specialist</Title>
    <DepartmentID>11</DepartmentID>
  </Employee>
  <Employee>
    <EmployeeID>274</EmployeeID>
    <FirstName>Karen</FirstName>
    <LastName>Berg</LastName>
    <Title>Application Specialist</Title>
    <DepartmentID>11</DepartmentID>
  </Employee>
  <Employee>
    <EmployeeID>275</EmployeeID>
    <FirstName>Chris</FirstName>
    <LastName>Norred</LastName>
    <Title>Control Specialist</Title>
    <DepartmentID>11</DepartmentID>
  </Employee>
  <Employee>
    <EmployeeID>276</EmployeeID>
    <FirstName>Tengiz</FirstName>
    <LastName>Kharatishvili</LastName>
    <Title>Control Specialist</Title>
    <DepartmentID>11</DepartmentID>
  </Employee>
  <Employee>
    <EmployeeID>277</EmployeeID>
    <FirstName>Zainal</FirstName>
    <LastName>Arifin</LastName>
    <Title>Document Control Manager</Title>
    <DepartmentID>12</DepartmentID>
  </Employee>
  <Employee>
    <EmployeeID>278</EmployeeID>
    <FirstName>Sean</FirstName>
    <LastName>Chai</LastName>
    <Title>Document Control Assistant</Title>
    <DepartmentID>12</DepartmentID>
  </Employee>
  <Employee>
    <EmployeeID>279</EmployeeID>
    <FirstName>Karen</FirstName>
    <LastName>Berge</LastName>
    <Title>Document Control Assistant</Title>
    <DepartmentID>12</DepartmentID>
  </Employee>
  <Employee>
    <EmployeeID>280</EmployeeID>
    <FirstName>Hazem</FirstName>
    <LastName>Abolrous</LastName>
    <Title>Quality Assurance Manager</Title>
    <DepartmentID>13</DepartmentID>
  </Employee>
  <Employee>
    <EmployeeID>281</EmployeeID>
    <FirstName>Peng</FirstName>
    <LastName>Wu</LastName>
    <Title>Quality Assurance Supervisor</Title>
    <DepartmentID>13</DepartmentID>
  </Employee>
  <Employee>
    <EmployeeID>282</EmployeeID>
    <FirstName>Sean</FirstName>
    <LastName>Alexander</LastName>
    <Title>Quality Assurance Technician</Title>
    <DepartmentID>13</DepartmentID>
  </Employee>
  <Employee>
    <EmployeeID>283</EmployeeID>
    <FirstName>Mark</FirstName>
    <LastName>Harrington</LastName>
    <Title>Quality Assurance Technician</Title>
    <DepartmentID>13</DepartmentID>
  </Employee>
  <Employee>
    <EmployeeID>284</EmployeeID>
    <FirstName>Andreas</FirstName>
    <LastName>Berglund</LastName>
    <Title>Quality Assurance Technician</Title>
    <DepartmentID>13</DepartmentID>
  </Employee>
  <Employee>
    <EmployeeID>285</EmployeeID>
    <FirstName>Sootha</FirstName>
    <LastName>Charncherngkha</LastName>
    <Title>Quality Assurance Technician</Title>
    <DepartmentID>13</DepartmentID>
  </Employee>
  <Employee>
    <EmployeeID>286</EmployeeID>
    <FirstName>Shai</FirstName>
    <LastName>Bassli</LastName>
    <Title>Facilities Manager</Title>
    <DepartmentID>14</DepartmentID>
  </Employee>
  <Employee>
    <EmployeeID>287</EmployeeID>
    <FirstName>Magnus</FirstName>
    <LastName>Hedlund</LastName>
    <Title>Facilities Assistant</Title>
    <DepartmentID>14</DepartmentID>
  </Employee>
  <Employee>
    <EmployeeID>288</EmployeeID>
    <FirstName>Stuart</FirstName>
    <LastName>Macrae</LastName>
    <Title>Janitor</Title>
    <DepartmentID>14</DepartmentID>
  </Employee>
  <Employee>
    <EmployeeID>289</EmployeeID>
    <FirstName>Pat</FirstName>
    <LastName>Coleman</LastName>
    <Title>Janitor</Title>
    <DepartmentID>14</DepartmentID>
  </Employee>
  <Employee>
    <EmployeeID>290</EmployeeID>
    <FirstName>Wanda</FirstName>
    <LastName>Parks</LastName>
    <Title>Janitor</Title>
    <DepartmentID>14</DepartmentID>
  </Employee>
  <Employee>
    <EmployeeID>291</EmployeeID>
    <FirstName>Jo</FirstName>
    <LastName>Berry</LastName>
    <Title>Janitor</Title>
    <DepartmentID>14</DepartmentID>
  </Employee>
  <Employee>
    <EmployeeID>292</EmployeeID>
    <FirstName>Christian</FirstName>
    <LastName>Kleinerman</LastName>
    <Title>Maintenance Supervisor</Title>
    <DepartmentID>14</DepartmentID>
  </Employee>
  <Employee>
    <EmployeeID>293</EmployeeID>
    <FirstName>Pilar</FirstName>
    <LastName>Ackerman</LastName>
    <Title>Shipping &amp; Receiving Supervisor</Title>
    <DepartmentID>15</DepartmentID>
  </Employee>
  <Employee>
    <EmployeeID>294</EmployeeID>
    <FirstName>Matthias</FirstName>
    <LastName>Berndt</LastName>
    <Title>Shipping &amp; Receiving Clerk</Title>
    <DepartmentID>15</DepartmentID>
  </Employee>
  <Employee>
    <EmployeeID>295</EmployeeID>
    <FirstName>Vamsi</FirstName>
    <LastName>Kuppa</LastName>
    <Title>Shipping &amp; Receiving Clerk</Title>
    <DepartmentID>15</DepartmentID>
  </Employee>
  <Employee>
    <EmployeeID>296</EmployeeID>
    <FirstName>Jimmy</FirstName>
    <LastName>Bischoff</LastName>
    <Title>Stocker</Title>
    <DepartmentID>15</DepartmentID>
  </Employee>
  <Employee>
    <EmployeeID>297</EmployeeID>
    <FirstName>Susan</FirstName>
    <LastName>Eaton</LastName>
    <Title>Stocker</Title>
    <DepartmentID>15</DepartmentID>
  </Employee>
  <Employee>
    <EmployeeID>298</EmployeeID>
    <FirstName>Kim</FirstName>
    <LastName>Ralls</LastName>
    <Title>Stocker</Title>
    <DepartmentID>15</DepartmentID>
  </Employee>
  <Employee>
    <EmployeeID>299</EmployeeID>
    <FirstName>Ken</FirstName>
    <LastName>Sanchez</LastName>
    <Title>Chief Executive Officer</Title>
    <DepartmentID>16</DepartmentID>
  </Employee>
  <Employee>
    <EmployeeID>300</EmployeeID>
    <FirstName>Laura</FirstName>
    <LastName>Norman</LastName>
    <Title>Chief Financial Officer</Title>
    <DepartmentID>16</DepartmentID>
  </Employee>
  <Employee>
    <EmployeeID>302</EmployeeID>
    <FirstName>Tete</FirstName>
    <LastName>Mensa-Annan</LastName>
    <Title>Sales Representative</Title>
    <DepartmentID>3</DepartmentID>
  </Employee>
  <Employee>
    <EmployeeID>303</EmployeeID>
    <FirstName>Michael</FirstName>
    <LastName>Raheem</LastName>
    <Title>Research &amp; Development Manager</Title>
    <DepartmentID>6</DepartmentID>
  </Employee>
  <Employee>
    <EmployeeID>304</EmployeeID>
    <FirstName>Rob</FirstName>
    <LastName>Walters</LastName>
    <Title>Sr. Tool Designer</Title>
    <DepartmentID>2</DepartmentID>
  </Employee>
</DocumentElement>