<?xml version="1.0" standalone="yes"?>
<DocumentElement>
  <table>
    <Product>Corolla   </Product>
    <SalesPerson>Chris     </SalesPerson>
    <SalePrice>4000</SalePrice>
    <PurchasePrice>3600</PurchasePrice>
  </table>
  <table>
    <Product>Prius     </Product>
    <SalesPerson>Brian     </SalesPerson>
    <SalePrice>2000</SalePrice>
    <PurchasePrice>2200</PurchasePrice>
  </table>
  <table>
    <Product>Camry     </Product>
    <SalesPerson>Chris     </SalesPerson>
    <SalePrice>5000</SalePrice>
    <PurchasePrice>3200</PurchasePrice>
  </table>
  <table>
    <Product>Corolla   </Product>
    <SalesPerson>Jason     </SalesPerson>
    <SalePrice>1000</SalePrice>
    <PurchasePrice>900</PurchasePrice>
  </table>
  <table>
    <Product>Camry     </Product>
    <SalesPerson>Brian     </SalesPerson>
    <SalePrice>4000</SalePrice>
    <PurchasePrice>3600</PurchasePrice>
  </table>
  <table>
    <Product>Camry     </Product>
    <SalesPerson>Chris     </SalesPerson>
    <SalePrice>2000</SalePrice>
    <PurchasePrice>1780</PurchasePrice>
  </table>
  <table>
    <Product>Corolla   </Product>
    <SalesPerson>Chris     </SalesPerson>
    <SalePrice>2500</SalePrice>
    <PurchasePrice>2650</PurchasePrice>
  </table>
  <table>
    <Product>Camry     </Product>
    <SalesPerson>Jason     </SalesPerson>
    <SalePrice>1100</SalePrice>
    <PurchasePrice>750</PurchasePrice>
  </table>
  <table>
    <Product>Corolla   </Product>
    <SalesPerson>Brian     </SalesPerson>
    <SalePrice>1200</SalePrice>
    <PurchasePrice>630</PurchasePrice>
  </table>
  <table>
    <Product>Prius     </Product>
    <SalesPerson>Jason     </SalesPerson>
    <SalePrice>1700</SalePrice>
    <PurchasePrice>1330</PurchasePrice>
  </table>
  <table>
    <Product>Corolla   </Product>
    <SalesPerson>Brian     </SalesPerson>
    <SalePrice>900</SalePrice>
    <PurchasePrice>650</PurchasePrice>
  </table>
  <table>
    <Product>Prius     </Product>
    <SalesPerson>Jason     </SalesPerson>
    <SalePrice>1300</SalePrice>
    <PurchasePrice>1100</PurchasePrice>
  </table>
  <table>
    <Product>Prius     </Product>
    <SalesPerson>Chris     </SalesPerson>
    <SalePrice>2000</SalePrice>
    <PurchasePrice>1750</PurchasePrice>
  </table>
</DocumentElement>