<?xml version="1.0" standalone="yes"?>
<DataSet1 xmlns="http://tempuri.org/DataSet1.xsd">
  <xs:schema id="DataSet1"
             targetNamespace="http://tempuri.org/DataSet1.xsd"
             xmlns="http://tempuri.org/DataSet1.xsd"
             xmlns:xs="http://www.w3.org/2001/XMLSchema"
             attributeFormDefault="qualified"
             elementFormDefault="qualified">
    <xs:element name="DataSet1">
      <xs:complexType>
        <xs:choice minOccurs="0" maxOccurs="unbounded">
          <xs:element name="vSales">
            <xs:complexType>
              <xs:sequence>
                <xs:element name="ProdCat">
                  <xs:simpleType>
                    <xs:restriction base="xs:string">
                      <xs:maxLength value="50" />
                    </xs:restriction>
                  </xs:simpleType>
                </xs:element>
                <xs:element name="SubCat">
                  <xs:simpleType>
                    <xs:restriction base="xs:string">
                      <xs:maxLength value="50" />
                    </xs:restriction>
                  </xs:simpleType>
                </xs:element>
                <xs:element name="OrderYear" type="xs:int" minOccurs="0" />
                <xs:element name="OrderQtr" minOccurs="0">
                  <xs:simpleType>
                    <xs:restriction base="xs:string">
                      <xs:maxLength value="31" />
                    </xs:restriction>
                  </xs:simpleType>
                </xs:element>
                <xs:element name="Sales" type="xs:decimal" minOccurs="0" />
              </xs:sequence>
            </xs:complexType>
          </xs:element>
        </xs:choice>
      </xs:complexType>
    </xs:element>
  </xs:schema>
  <vSales>
    <ProdCat>Component</ProdCat>
    <SubCat>Wheel</SubCat>
    <OrderYear>2002</OrderYear>
    <OrderQtr>Q4</OrderQtr>
    <Sales>204276.2973</Sales>
  </vSales>
  <vSales>
    <ProdCat>Component</ProdCat>
    <SubCat>Saddle</SubCat>
    <OrderYear>2003</OrderYear>
    <OrderQtr>Q4</OrderQtr>
    <Sales>68441.3552</Sales>
  </vSales>
  <vSales>
    <ProdCat>Clothing</ProdCat>
    <SubCat>Jersey</SubCat>
    <OrderYear>2003</OrderYear>
    <OrderQtr>Q4</OrderQtr>
    <Sales>300465.795</Sales>
  </vSales>
  <vSales>
    <ProdCat>Clothing</ProdCat>
    <SubCat>Tights</SubCat>
    <OrderYear>2003</OrderYear>
    <OrderQtr>Q2</OrderQtr>
    <Sales>56298.7425</Sales>
  </vSales>
  <vSales>
    <ProdCat>Component</ProdCat>
    <SubCat>Derailleur</SubCat>
    <OrderYear>2003</OrderYear>
    <OrderQtr>Q3</OrderQtr>
    <Sales>46430.84</Sales>
  </vSales>
  <vSales>
    <ProdCat>Component</ProdCat>
    <SubCat>Headset</SubCat>
    <OrderYear>2002</OrderYear>
    <OrderQtr>Q3</OrderQtr>
    <Sales>24565.2028</Sales>
  </vSales>
  <vSales>
    <ProdCat>Accessory</ProdCat>
    <SubCat>Bottles &amp; Cages</SubCat>
    <OrderYear>2003</OrderYear>
    <OrderQtr>Q2</OrderQtr>
    <Sales>1214.85</Sales>
  </vSales>
  <vSales>
    <ProdCat>Clothing</ProdCat>
    <SubCat>Tights</SubCat>
    <OrderYear>2002</OrderYear>
    <OrderQtr>Q3</OrderQtr>
    <Sales>74929.957</Sales>
  </vSales>
  <vSales>
    <ProdCat>Clothing</ProdCat>
    <SubCat>Shorts</SubCat>
    <OrderYear>2003</OrderYear>
    <OrderQtr>Q3</OrderQtr>
    <Sales>140248.4555</Sales>
  </vSales>
  <vSales>
    <ProdCat>Component</ProdCat>
    <SubCat>Touring Frame</SubCat>
    <OrderYear>2003</OrderYear>
    <OrderQtr>Q3</OrderQtr>
    <Sales>1131882.17</Sales>
  </vSales>
  <vSales>
    <ProdCat>Accessory</ProdCat>
    <SubCat>Hydration Pack</SubCat>
    <OrderYear>2003</OrderYear>
    <OrderQtr>Q3</OrderQtr>
    <Sales>29703.882</Sales>
  </vSales>
  <vSales>
    <ProdCat>Accessory</ProdCat>
    <SubCat>Locks</SubCat>
    <OrderYear>2002</OrderYear>
    <OrderQtr>Q3</OrderQtr>
    <Sales>6360</Sales>
  </vSales>
  <vSales>
    <ProdCat>Accessory</ProdCat>
    <SubCat>Helmet</SubCat>
    <OrderYear>2003</OrderYear>
    <OrderQtr>Q4</OrderQtr>
    <Sales>208135.0765</Sales>
  </vSales>
  <vSales>
    <ProdCat>Component</ProdCat>
    <SubCat>Handlebars  </SubCat>
    <OrderYear>2003</OrderYear>
    <OrderQtr>Q2</OrderQtr>
    <Sales>27702.7626</Sales>
  </vSales>
  <vSales>
    <ProdCat>Accessory</ProdCat>
    <SubCat>Helmet</SubCat>
    <OrderYear>2003</OrderYear>
    <OrderQtr>Q1</OrderQtr>
    <Sales>18865.637</Sales>
  </vSales>
  <vSales>
    <ProdCat>Component</ProdCat>
    <SubCat>Bottom Bracket</SubCat>
    <OrderYear>2003</OrderYear>
    <OrderQtr>Q1</OrderQtr>
    <Sales>121.49</Sales>
  </vSales>
  <vSales>
    <ProdCat>Clothing</ProdCat>
    <SubCat>Cap</SubCat>
    <OrderYear>2002</OrderYear>
    <OrderQtr>Q2</OrderQtr>
    <Sales>1612.5669</Sales>
  </vSales>
  <vSales>
    <ProdCat>Component</ProdCat>
    <SubCat>Headset</SubCat>
    <OrderYear>2003</OrderYear>
    <OrderQtr>Q2</OrderQtr>
    <Sales>22151.2766</Sales>
  </vSales>
  <vSales>
    <ProdCat>Component</ProdCat>
    <SubCat>Pedals</SubCat>
    <OrderYear>2002</OrderYear>
    <OrderQtr>Q2</OrderQtr>
    <Sales>782.99</Sales>
  </vSales>
  <vSales>
    <ProdCat>Component</ProdCat>
    <SubCat>Crankset</SubCat>
    <OrderYear>2003</OrderYear>
    <OrderQtr>Q4</OrderQtr>
    <Sales>119023.4578</Sales>
  </vSales>
  <vSales>
    <ProdCat>Component</ProdCat>
    <SubCat>Fork</SubCat>
    <OrderYear>2002</OrderYear>
    <OrderQtr>Q4</OrderQtr>
    <Sales>35786.4774</Sales>
  </vSales>
  <vSales>
    <ProdCat>Component</ProdCat>
    <SubCat>Handlebars  </SubCat>
    <OrderYear>2002</OrderYear>
    <OrderQtr>Q3</OrderQtr>
    <Sales>44667.3726</Sales>
  </vSales>
  <vSales>
    <ProdCat>Clothing</ProdCat>
    <SubCat>Bib-Short </SubCat>
    <OrderYear>2003</OrderYear>
    <OrderQtr>Q1</OrderQtr>
    <Sales>24081.2565</Sales>
  </vSales>
  <vSales>
    <ProdCat>Clothing</ProdCat>
    <SubCat>Gloves</SubCat>
    <OrderYear>2002</OrderYear>
    <OrderQtr>Q1</OrderQtr>
    <Sales>741.9447</Sales>
  </vSales>
  <vSales>
    <ProdCat>Component</ProdCat>
    <SubCat>Road Frame</SubCat>
    <OrderYear>2002</OrderYear>
    <OrderQtr>Q1</OrderQtr>
    <Sales>68286.1502</Sales>
  </vSales>
  <vSales>
    <ProdCat>Component</ProdCat>
    <SubCat>Mountain Frame</SubCat>
    <OrderYear>2003</OrderYear>
    <OrderQtr>Q1</OrderQtr>
    <Sales>332706.2027</Sales>
  </vSales>
  <vSales>
    <ProdCat>Component</ProdCat>
    <SubCat>Mountain Frame</SubCat>
    <OrderYear>2002</OrderYear>
    <OrderQtr>Q1</OrderQtr>
    <Sales>164273.5504</Sales>
  </vSales>
  <vSales>
    <ProdCat>Component</ProdCat>
    <SubCat>Fork</SubCat>
    <OrderYear>2003</OrderYear>
    <OrderQtr>Q1</OrderQtr>
    <Sales>18977.2072</Sales>
  </vSales>
  <vSales>
    <ProdCat>Accessory</ProdCat>
    <SubCat>Pumps</SubCat>
    <OrderYear>2003</OrderYear>
    <OrderQtr>Q4</OrderQtr>
    <Sales>33878.91</Sales>
  </vSales>
  <vSales>
    <ProdCat>Clothing</ProdCat>
    <SubCat>Cap</SubCat>
    <OrderYear>2003</OrderYear>
    <OrderQtr>Q4</OrderQtr>
    <Sales>34720.4769</Sales>
  </vSales>
  <vSales>
    <ProdCat>Clothing</ProdCat>
    <SubCat>Jersey</SubCat>
    <OrderYear>2002</OrderYear>
    <OrderQtr>Q4</OrderQtr>
    <Sales>40612.1187</Sales>
  </vSales>
  <vSales>
    <ProdCat>Accessory</ProdCat>
    <SubCat>Fenders</SubCat>
    <OrderYear>2003</OrderYear>
    <OrderQtr>Q3</OrderQtr>
    <Sales>42913.26</Sales>
  </vSales>
  <vSales>
    <ProdCat>Accessory</ProdCat>
    <SubCat>Fenders</SubCat>
    <OrderYear>2003</OrderYear>
    <OrderQtr>Q2</OrderQtr>
    <Sales>2384.07</Sales>
  </vSales>
  <vSales>
    <ProdCat>Component</ProdCat>
    <SubCat>Touring Frame</SubCat>
    <OrderYear>2003</OrderYear>
    <OrderQtr>Q2</OrderQtr>
    <Sales>7156.54</Sales>
  </vSales>
  <vSales>
    <ProdCat>Clothing</ProdCat>
    <SubCat>Shorts</SubCat>
    <OrderYear>2003</OrderYear>
    <OrderQtr>Q2</OrderQtr>
    <Sales>23240.126</Sales>
  </vSales>
  <vSales>
    <ProdCat>Component</ProdCat>
    <SubCat>Chain</SubCat>
    <OrderYear>2003</OrderYear>
    <OrderQtr>Q3</OrderQtr>
    <Sales>14423.5412</Sales>
  </vSales>
  <vSales>
    <ProdCat>Clothing</ProdCat>
    <SubCat>Socks</SubCat>
    <OrderYear>2003</OrderYear>
    <OrderQtr>Q1</OrderQtr>
    <Sales>742.35</Sales>
  </vSales>
  <vSales>
    <ProdCat>Component</ProdCat>
    <SubCat>Wheel</SubCat>
    <OrderYear>2003</OrderYear>
    <OrderQtr>Q1</OrderQtr>
    <Sales>80575.1491</Sales>
  </vSales>
  <vSales>
    <ProdCat>Accessory</ProdCat>
    <SubCat>Cleaners</SubCat>
    <OrderYear>2003</OrderYear>
    <OrderQtr>Q4</OrderQtr>
    <Sales>64947.99</Sales>
  </vSales>
  <vSales>
    <ProdCat>Accessory</ProdCat>
    <SubCat>Helmet</SubCat>
    <OrderYear>2002</OrderYear>
    <OrderQtr>Q4</OrderQtr>
    <Sales>25414.1583</Sales>
  </vSales>
  <vSales>
    <ProdCat>Accessory</ProdCat>
    <SubCat>Pumps</SubCat>
    <OrderYear>2003</OrderYear>
    <OrderQtr>Q1</OrderQtr>
    <Sales>1763.118</Sales>
  </vSales>
  <vSales>
    <ProdCat>Accessory</ProdCat>
    <SubCat>Tires &amp; Tubes</SubCat>
    <OrderYear>2003</OrderYear>
    <OrderQtr>Q2</OrderQtr>
    <Sales>782.99</Sales>
  </vSales>
  <vSales>
    <ProdCat>Component</ProdCat>
    <SubCat>Pedals</SubCat>
    <OrderYear>2003</OrderYear>
    <OrderQtr>Q4</OrderQtr>
    <Sales>75832.511</Sales>
  </vSales>
  <vSales>
    <ProdCat>Component</ProdCat>
    <SubCat>Saddle</SubCat>
    <OrderYear>2002</OrderYear>
    <OrderQtr>Q4</OrderQtr>
    <Sales>4697.94</Sales>
  </vSales>
  <vSales>
    <ProdCat>Clothing</ProdCat>
    <SubCat>Shorts</SubCat>
    <OrderYear>2002</OrderYear>
    <OrderQtr>Q3</OrderQtr>
    <Sales>30917.0463</Sales>
  </vSales>
  <vSales>
    <ProdCat>Clothing</ProdCat>
    <SubCat>Gloves</SubCat>
    <OrderYear>2003</OrderYear>
    <OrderQtr>Q3</OrderQtr>
    <Sales>68963.1889</Sales>
  </vSales>
  <vSales>
    <ProdCat>Component</ProdCat>
    <SubCat>Road Frame</SubCat>
    <OrderYear>2003</OrderYear>
    <OrderQtr>Q3</OrderQtr>
    <Sales>2028207.5286</Sales>
  </vSales>
  <vSales>
    <ProdCat>Bike</ProdCat>
    <SubCat>Road Bike</SubCat>
    <OrderYear>2003</OrderYear>
    <OrderQtr>Q4</OrderQtr>
    <Sales>3566305.1422</Sales>
  </vSales>
  <vSales>
    <ProdCat>Bike</ProdCat>
    <SubCat>Mountain Bike</SubCat>
    <OrderYear>2002</OrderYear>
    <OrderQtr>Q1</OrderQtr>
    <Sales>2619647.2572</Sales>
  </vSales>
  <vSales>
    <ProdCat>Accessory</ProdCat>
    <SubCat>Helmet</SubCat>
    <OrderYear>2002</OrderYear>
    <OrderQtr>Q1</OrderQtr>
    <Sales>5399.1629</Sales>
  </vSales>
  <vSales>
    <ProdCat>Component</ProdCat>
    <SubCat>Brakes</SubCat>
    <OrderYear>2003</OrderYear>
    <OrderQtr>Q4</OrderQtr>
    <Sales>39129.57</Sales>
  </vSales>
  <vSales>
    <ProdCat>Component</ProdCat>
    <SubCat>Crankset</SubCat>
    <OrderYear>2002</OrderYear>
    <OrderQtr>Q4</OrderQtr>
    <Sales>3399.99</Sales>
  </vSales>
  <vSales>
    <ProdCat>Accessory</ProdCat>
    <SubCat>Tires &amp; Tubes</SubCat>
    <OrderYear>2003</OrderYear>
    <OrderQtr>Q3</OrderQtr>
    <Sales>80045.266</Sales>
  </vSales>
  <vSales>
    <ProdCat>Bike</ProdCat>
    <SubCat>Touring Bike</SubCat>
    <OrderYear>2003</OrderYear>
    <OrderQtr>Q3</OrderQtr>
    <Sales>4493796.6196</Sales>
  </vSales>
  <vSales>
    <ProdCat>Component</ProdCat>
    <SubCat>Headset</SubCat>
    <OrderYear>2002</OrderYear>
    <OrderQtr>Q2</OrderQtr>
    <Sales>1565.98</Sales>
  </vSales>
  <vSales>
    <ProdCat>Accessory</ProdCat>
    <SubCat>Bottles &amp; Cages</SubCat>
    <OrderYear>2003</OrderYear>
    <OrderQtr>Q3</OrderQtr>
    <Sales>31782.138</Sales>
  </vSales>
  <vSales>
    <ProdCat>Accessory</ProdCat>
    <SubCat>Pumps</SubCat>
    <OrderYear>2002</OrderYear>
    <OrderQtr>Q4</OrderQtr>
    <Sales>8196.0252</Sales>
  </vSales>
  <vSales>
    <ProdCat>Accessory</ProdCat>
    <SubCat>Locks</SubCat>
    <OrderYear>2003</OrderYear>
    <OrderQtr>Q4</OrderQtr>
    <Sales>1229.85</Sales>
  </vSales>
  <vSales>
    <ProdCat>Clothing</ProdCat>
    <SubCat>Gloves</SubCat>
    <OrderYear>2003</OrderYear>
    <OrderQtr>Q2</OrderQtr>
    <Sales>57939.9187</Sales>
  </vSales>
  <vSales>
    <ProdCat>Clothing</ProdCat>
    <SubCat>Jersey</SubCat>
    <OrderYear>2003</OrderYear>
    <OrderQtr>Q1</OrderQtr>
    <Sales>24200.1184</Sales>
  </vSales>
  <vSales>
    <ProdCat>Clothing</ProdCat>
    <SubCat>Socks</SubCat>
    <OrderYear>2002</OrderYear>
    <OrderQtr>Q1</OrderQtr>
    <Sales>1395.55</Sales>
  </vSales>
  <vSales>
    <ProdCat>Accessory</ProdCat>
    <SubCat>Bike Stand</SubCat>
    <OrderYear>2003</OrderYear>
    <OrderQtr>Q4</OrderQtr>
    <Sales>16688.49</Sales>
  </vSales>
  <vSales>
    <ProdCat>Accessory</ProdCat>
    <SubCat>Locks</SubCat>
    <OrderYear>2003</OrderYear>
    <OrderQtr>Q1</OrderQtr>
    <Sales>2205</Sales>
  </vSales>
  <vSales>
    <ProdCat>Clothing</ProdCat>
    <SubCat>Cap</SubCat>
    <OrderYear>2002</OrderYear>
    <OrderQtr>Q4</OrderQtr>
    <Sales>5789.6826</Sales>
  </vSales>
  <vSales>
    <ProdCat>Clothing</ProdCat>
    <SubCat>Gloves</SubCat>
    <OrderYear>2002</OrderYear>
    <OrderQtr>Q3</OrderQtr>
    <Sales>61223.3408</Sales>
  </vSales>
  <vSales>
    <ProdCat>Clothing</ProdCat>
    <SubCat>Bib-Short </SubCat>
    <OrderYear>2003</OrderYear>
    <OrderQtr>Q3</OrderQtr>
    <Sales>13713.261</Sales>
  </vSales>
  <vSales>
    <ProdCat>Component</ProdCat>
    <SubCat>Brakes</SubCat>
    <OrderYear>2003</OrderYear>
    <OrderQtr>Q3</OrderQtr>
    <Sales>60904.39</Sales>
  </vSales>
  <vSales>
    <ProdCat>Component</ProdCat>
    <SubCat>Derailleur</SubCat>
    <OrderYear>2003</OrderYear>
    <OrderQtr>Q1</OrderQtr>
    <Sales>1565.98</Sales>
  </vSales>
  <vSales>
    <ProdCat>Bike</ProdCat>
    <SubCat>Touring Bike</SubCat>
    <OrderYear>2003</OrderYear>
    <OrderQtr>Q2</OrderQtr>
    <Sales>30644.89</Sales>
  </vSales>
  <vSales>
    <ProdCat>Accessory</ProdCat>
    <SubCat>Helmet</SubCat>
    <OrderYear>2003</OrderYear>
    <OrderQtr>Q2</OrderQtr>
    <Sales>30718.3065</Sales>
  </vSales>
  <vSales>
    <ProdCat>Component</ProdCat>
    <SubCat>Saddle</SubCat>
    <OrderYear>2003</OrderYear>
    <OrderQtr>Q2</OrderQtr>
    <Sales>4697.94</Sales>
  </vSales>
  <vSales>
    <ProdCat>Component</ProdCat>
    <SubCat>Bottom Bracket</SubCat>
    <OrderYear>2003</OrderYear>
    <OrderQtr>Q4</OrderQtr>
    <Sales>17153.5778</Sales>
  </vSales>
  <vSales>
    <ProdCat>Component</ProdCat>
    <SubCat>Pedals</SubCat>
    <OrderYear>2003</OrderYear>
    <OrderQtr>Q3</OrderQtr>
    <Sales>102116.9044</Sales>
  </vSales>
  <vSales>
    <ProdCat>Component</ProdCat>
    <SubCat>Saddle</SubCat>
    <OrderYear>2002</OrderYear>
    <OrderQtr>Q3</OrderQtr>
    <Sales>782.99</Sales>
  </vSales>
  <vSales>
    <ProdCat>Accessory</ProdCat>
    <SubCat>Panniers</SubCat>
    <OrderYear>2003</OrderYear>
    <OrderQtr>Q3</OrderQtr>
    <Sales>2384.07</Sales>
  </vSales>
  <vSales>
    <ProdCat>Bike</ProdCat>
    <SubCat>Mountain Bike</SubCat>
    <OrderYear>2003</OrderYear>
    <OrderQtr>Q3</OrderQtr>
    <Sales>3241338.5239</Sales>
  </vSales>
  <vSales>
    <ProdCat>Bike</ProdCat>
    <SubCat>Touring Bike</SubCat>
    <OrderYear>2002</OrderYear>
    <OrderQtr>Q3</OrderQtr>
    <Sales>13499.96</Sales>
  </vSales>
  <vSales>
    <ProdCat>Component</ProdCat>
    <SubCat>Touring Frame</SubCat>
    <OrderYear>2003</OrderYear>
    <OrderQtr>Q1</OrderQtr>
    <Sales>28626.16</Sales>
  </vSales>
  <vSales>
    <ProdCat>Bike</ProdCat>
    <SubCat>Road Bike</SubCat>
    <OrderYear>2002</OrderYear>
    <OrderQtr>Q4</OrderQtr>
    <Sales>4022146.0128</Sales>
  </vSales>
  <vSales>
    <ProdCat>Component</ProdCat>
    <SubCat>Road Frame</SubCat>
    <OrderYear>2002</OrderYear>
    <OrderQtr>Q4</OrderQtr>
    <Sales>606030.4357</Sales>
  </vSales>
  <vSales>
    <ProdCat>Component</ProdCat>
    <SubCat>Mountain Frame</SubCat>
    <OrderYear>2003</OrderYear>
    <OrderQtr>Q4</OrderQtr>
    <Sales>1037215.2754</Sales>
  </vSales>
  <vSales>
    <ProdCat>Component</ProdCat>
    <SubCat>Wheel</SubCat>
    <OrderYear>2003</OrderYear>
    <OrderQtr>Q4</OrderQtr>
    <Sales>67177.2581</Sales>
  </vSales>
  <vSales>
    <ProdCat>Accessory</ProdCat>
    <SubCat>Bike Racks</SubCat>
    <OrderYear>2003</OrderYear>
    <OrderQtr>Q3</OrderQtr>
    <Sales>77784.21</Sales>
  </vSales>
  <vSales>
    <ProdCat>Clothing</ProdCat>
    <SubCat>Bib-Short </SubCat>
    <OrderYear>2003</OrderYear>
    <OrderQtr>Q2</OrderQtr>
    <Sales>47321.2415</Sales>
  </vSales>
  <vSales>
    <ProdCat>Clothing</ProdCat>
    <SubCat>Jersey</SubCat>
    <OrderYear>2002</OrderYear>
    <OrderQtr>Q1</OrderQtr>
    <Sales>10814.3202</Sales>
  </vSales>
  <vSales>
    <ProdCat>Clothing</ProdCat>
    <SubCat>Cap</SubCat>
    <OrderYear>2003</OrderYear>
    <OrderQtr>Q1</OrderQtr>
    <Sales>4362.5328</Sales>
  </vSales>
  <vSales>
    <ProdCat>Clothing</ProdCat>
    <SubCat>Bib-Short </SubCat>
    <OrderYear>2002</OrderYear>
    <OrderQtr>Q3</OrderQtr>
    <Sales>72999.888</Sales>
  </vSales>
  <vSales>
    <ProdCat>Clothing</ProdCat>
    <SubCat>Vest</SubCat>
    <OrderYear>2003</OrderYear>
    <OrderQtr>Q3</OrderQtr>
    <Sales>102305.45</Sales>
  </vSales>
  <vSales>
    <ProdCat>Accessory</ProdCat>
    <SubCat>Lights</SubCat>
    <OrderYear>2003</OrderYear>
    <OrderQtr>Q2</OrderQtr>
    <Sales>1214.85</Sales>
  </vSales>
  <vSales>
    <ProdCat>Component</ProdCat>
    <SubCat>Handlebars  </SubCat>
    <OrderYear>2003</OrderYear>
    <OrderQtr>Q3</OrderQtr>
    <Sales>109379.8715</Sales>
  </vSales>
  <vSales>
    <ProdCat>Clothing</ProdCat>
    <SubCat>Tights</SubCat>
    <OrderYear>2003</OrderYear>
    <OrderQtr>Q4</OrderQtr>
    <Sales>20287.1675</Sales>
  </vSales>
  <vSales>
    <ProdCat>Component</ProdCat>
    <SubCat>Derailleur</SubCat>
    <OrderYear>2002</OrderYear>
    <OrderQtr>Q1</OrderQtr>
    <Sales>3374.99</Sales>
  </vSales>
  <vSales>
    <ProdCat>Component</ProdCat>
    <SubCat>Headset</SubCat>
    <OrderYear>2003</OrderYear>
    <OrderQtr>Q3</OrderQtr>
    <Sales>10961.86</Sales>
  </vSales>
  <vSales>
    <ProdCat>Component</ProdCat>
    <SubCat>Pedals</SubCat>
    <OrderYear>2003</OrderYear>
    <OrderQtr>Q2</OrderQtr>
    <Sales>5480.93</Sales>
  </vSales>
  <vSales>
    <ProdCat>Bike</ProdCat>
    <SubCat>Mountain Bike</SubCat>
    <OrderYear>2002</OrderYear>
    <OrderQtr>Q3</OrderQtr>
    <Sales>3383334.0076</Sales>
  </vSales>
  <vSales>
    <ProdCat>Component</ProdCat>
    <SubCat>Road Frame</SubCat>
    <OrderYear>2003</OrderYear>
    <OrderQtr>Q1</OrderQtr>
    <Sales>194431.7724</Sales>
  </vSales>
  <vSales>
    <ProdCat>Component</ProdCat>
    <SubCat>Touring Frame</SubCat>
    <OrderYear>2002</OrderYear>
    <OrderQtr>Q1</OrderQtr>
    <Sales>3578.27</Sales>
  </vSales>
  <vSales>
    <ProdCat>Accessory</ProdCat>
    <SubCat>Hydration Pack</SubCat>
    <OrderYear>2003</OrderYear>
    <OrderQtr>Q4</OrderQtr>
    <Sales>22610.172</Sales>
  </vSales>
  <vSales>
    <ProdCat>Accessory</ProdCat>
    <SubCat>Locks</SubCat>
    <OrderYear>2002</OrderYear>
    <OrderQtr>Q4</OrderQtr>
    <Sales>3780</Sales>
  </vSales>
  <vSales>
    <ProdCat>Component</ProdCat>
    <SubCat>Mountain Frame</SubCat>
    <OrderYear>2002</OrderYear>
    <OrderQtr>Q4</OrderQtr>
    <Sales>560348.1176</Sales>
  </vSales>
  <vSales>
    <ProdCat>Component</ProdCat>
    <SubCat>Fork</SubCat>
    <OrderYear>2003</OrderYear>
    <OrderQtr>Q4</OrderQtr>
    <Sales>64124.81</Sales>
  </vSales>
  <vSales>
    <ProdCat>Bike</ProdCat>
    <SubCat>Mountain Bike</SubCat>
    <OrderYear>2003</OrderYear>
    <OrderQtr>Q2</OrderQtr>
    <Sales>2561136.4486</Sales>
  </vSales>
  <vSales>
    <ProdCat>Bike</ProdCat>
    <SubCat>Touring Bike</SubCat>
    <OrderYear>2002</OrderYear>
    <OrderQtr>Q2</OrderQtr>
    <Sales>6884.97</Sales>
  </vSales>
  <vSales>
    <ProdCat>Accessory</ProdCat>
    <SubCat>Lights</SubCat>
    <OrderYear>2003</OrderYear>
    <OrderQtr>Q3</OrderQtr>
    <Sales>21867.3</Sales>
  </vSales>
  <vSales>
    <ProdCat>Bike</ProdCat>
    <SubCat>Road Bike</SubCat>
    <OrderYear>2003</OrderYear>
    <OrderQtr>Q1</OrderQtr>
    <Sales>3434993.4292</Sales>
  </vSales>
  <vSales>
    <ProdCat>Bike</ProdCat>
    <SubCat>Touring Bike</SubCat>
    <OrderYear>2003</OrderYear>
    <OrderQtr>Q4</OrderQtr>
    <Sales>3763461.0256</Sales>
  </vSales>
  <vSales>
    <ProdCat>Component</ProdCat>
    <SubCat>Handlebars  </SubCat>
    <OrderYear>2003</OrderYear>
    <OrderQtr>Q1</OrderQtr>
    <Sales>13139.0678</Sales>
  </vSales>
  <vSales>
    <ProdCat>Component</ProdCat>
    <SubCat>Brakes</SubCat>
    <OrderYear>2002</OrderYear>
    <OrderQtr>Q1</OrderQtr>
    <Sales>3399.99</Sales>
  </vSales>
  <vSales>
    <ProdCat>Component</ProdCat>
    <SubCat>Chain</SubCat>
    <OrderYear>2003</OrderYear>
    <OrderQtr>Q4</OrderQtr>
    <Sales>16240.8608</Sales>
  </vSales>
  <vSales>
    <ProdCat>Clothing</ProdCat>
    <SubCat>Cap</SubCat>
    <OrderYear>2002</OrderYear>
    <OrderQtr>Q1</OrderQtr>
    <Sales>1000.1286</Sales>
  </vSales>
  <vSales>
    <ProdCat>Component</ProdCat>
    <SubCat>Mountain Frame</SubCat>
    <OrderYear>2002</OrderYear>
    <OrderQtr>Q2</OrderQtr>
    <Sales>279236.6915</Sales>
  </vSales>
  <vSales>
    <ProdCat>Component</ProdCat>
    <SubCat>Fork</SubCat>
    <OrderYear>2003</OrderYear>
    <OrderQtr>Q2</OrderQtr>
    <Sales>29375.6058</Sales>
  </vSales>
  <vSales>
    <ProdCat>Clothing</ProdCat>
    <SubCat>Vest</SubCat>
    <OrderYear>2003</OrderYear>
    <OrderQtr>Q2</OrderQtr>
    <Sales>2429.7</Sales>
  </vSales>
  <vSales>
    <ProdCat>Clothing</ProdCat>
    <SubCat>Shorts</SubCat>
    <OrderYear>2003</OrderYear>
    <OrderQtr>Q4</OrderQtr>
    <Sales>112682.2035</Sales>
  </vSales>
  <vSales>
    <ProdCat>Clothing</ProdCat>
    <SubCat>Tights</SubCat>
    <OrderYear>2002</OrderYear>
    <OrderQtr>Q4</OrderQtr>
    <Sales>61904.245</Sales>
  </vSales>
  <vSales>
    <ProdCat>Accessory</ProdCat>
    <SubCat>Tires &amp; Tubes</SubCat>
    <OrderYear>2003</OrderYear>
    <OrderQtr>Q4</OrderQtr>
    <Sales>53867.366</Sales>
  </vSales>
  <vSales>
    <ProdCat>Component</ProdCat>
    <SubCat>Touring Frame</SubCat>
    <OrderYear>2003</OrderYear>
    <OrderQtr>Q4</OrderQtr>
    <Sales>879983.173</Sales>
  </vSales>
  <vSales>
    <ProdCat>Clothing</ProdCat>
    <SubCat>Socks</SubCat>
    <OrderYear>2003</OrderYear>
    <OrderQtr>Q3</OrderQtr>
    <Sales>30572.0473</Sales>
  </vSales>
  <vSales>
    <ProdCat>Clothing</ProdCat>
    <SubCat>Vest</SubCat>
    <OrderYear>2002</OrderYear>
    <OrderQtr>Q3</OrderQtr>
    <Sales>2214.975</Sales>
  </vSales>
  <vSales>
    <ProdCat>Bike</ProdCat>
    <SubCat>Mountain Bike</SubCat>
    <OrderYear>2002</OrderYear>
    <OrderQtr>Q2</OrderQtr>
    <Sales>3024108.0392</Sales>
  </vSales>
  <vSales>
    <ProdCat>Component</ProdCat>
    <SubCat>Wheel</SubCat>
    <OrderYear>2003</OrderYear>
    <OrderQtr>Q3</OrderQtr>
    <Sales>60240.0907</Sales>
  </vSales>
  <vSales>
    <ProdCat>Accessory</ProdCat>
    <SubCat>Helmet</SubCat>
    <OrderYear>2003</OrderYear>
    <OrderQtr>Q3</OrderQtr>
    <Sales>202788.109</Sales>
  </vSales>
  <vSales>
    <ProdCat>Bike</ProdCat>
    <SubCat>Road Bike</SubCat>
    <OrderYear>2002</OrderYear>
    <OrderQtr>Q1</OrderQtr>
    <Sales>2063379.072</Sales>
  </vSales>
  <vSales>
    <ProdCat>Accessory</ProdCat>
    <SubCat>Fenders</SubCat>
    <OrderYear>2003</OrderYear>
    <OrderQtr>Q4</OrderQtr>
    <Sales>21456.63</Sales>
  </vSales>
  <vSales>
    <ProdCat>Accessory</ProdCat>
    <SubCat>Bottles &amp; Cages</SubCat>
    <OrderYear>2003</OrderYear>
    <OrderQtr>Q1</OrderQtr>
    <Sales>1214.85</Sales>
  </vSales>
  <vSales>
    <ProdCat>Bike</ProdCat>
    <SubCat>Road Bike</SubCat>
    <OrderYear>2003</OrderYear>
    <OrderQtr>Q3</OrderQtr>
    <Sales>4063056.8428</Sales>
  </vSales>
  <vSales>
    <ProdCat>Component</ProdCat>
    <SubCat>Crankset</SubCat>
    <OrderYear>2003</OrderYear>
    <OrderQtr>Q2</OrderQtr>
    <Sales>3399.99</Sales>
  </vSales>
  <vSales>
    <ProdCat>Bike</ProdCat>
    <SubCat>Mountain Bike</SubCat>
    <OrderYear>2003</OrderYear>
    <OrderQtr>Q4</OrderQtr>
    <Sales>2919939.572</Sales>
  </vSales>
  <vSales>
    <ProdCat>Bike</ProdCat>
    <SubCat>Touring Bike</SubCat>
    <OrderYear>2002</OrderYear>
    <OrderQtr>Q4</OrderQtr>
    <Sales>5166.756</Sales>
  </vSales>
  <vSales>
    <ProdCat>Component</ProdCat>
    <SubCat>Road Frame</SubCat>
    <OrderYear>2003</OrderYear>
    <OrderQtr>Q4</OrderQtr>
    <Sales>1124402.2363</Sales>
  </vSales>
  <vSales>
    <ProdCat>Component</ProdCat>
    <SubCat>Touring Frame</SubCat>
    <OrderYear>2002</OrderYear>
    <OrderQtr>Q4</OrderQtr>
    <Sales>7156.54</Sales>
  </vSales>
  <vSales>
    <ProdCat>Component</ProdCat>
    <SubCat>Headset</SubCat>
    <OrderYear>2003</OrderYear>
    <OrderQtr>Q1</OrderQtr>
    <Sales>13532.306</Sales>
  </vSales>
  <vSales>
    <ProdCat>Accessory</ProdCat>
    <SubCat>Helmet</SubCat>
    <OrderYear>2002</OrderYear>
    <OrderQtr>Q3</OrderQtr>
    <Sales>38093.9885</Sales>
  </vSales>
  <vSales>
    <ProdCat>Accessory</ProdCat>
    <SubCat>Cleaners</SubCat>
    <OrderYear>2003</OrderYear>
    <OrderQtr>Q3</OrderQtr>
    <Sales>37383.78</Sales>
  </vSales>
  <vSales>
    <ProdCat>Clothing</ProdCat>
    <SubCat>Gloves</SubCat>
    <OrderYear>2003</OrderYear>
    <OrderQtr>Q4</OrderQtr>
    <Sales>78672.8482</Sales>
  </vSales>
  <vSales>
    <ProdCat>Clothing</ProdCat>
    <SubCat>Shorts</SubCat>
    <OrderYear>2002</OrderYear>
    <OrderQtr>Q4</OrderQtr>
    <Sales>26674.501</Sales>
  </vSales>
  <vSales>
    <ProdCat>Accessory</ProdCat>
    <SubCat>Tires &amp; Tubes</SubCat>
    <OrderYear>2002</OrderYear>
    <OrderQtr>Q4</OrderQtr>
    <Sales>3469.46</Sales>
  </vSales>
  <vSales>
    <ProdCat>Accessory</ProdCat>
    <SubCat>Helmet</SubCat>
    <OrderYear>2002</OrderYear>
    <OrderQtr>Q2</OrderQtr>
    <Sales>11647.6105</Sales>
  </vSales>
  <vSales>
    <ProdCat>Accessory</ProdCat>
    <SubCat>Cleaners</SubCat>
    <OrderYear>2003</OrderYear>
    <OrderQtr>Q2</OrderQtr>
    <Sales>4768.14</Sales>
  </vSales>
  <vSales>
    <ProdCat>Clothing</ProdCat>
    <SubCat>Socks</SubCat>
    <OrderYear>2003</OrderYear>
    <OrderQtr>Q2</OrderQtr>
    <Sales>2227.05</Sales>
  </vSales>
  <vSales>
    <ProdCat>Component</ProdCat>
    <SubCat>Wheel</SubCat>
    <OrderYear>2003</OrderYear>
    <OrderQtr>Q2</OrderQtr>
    <Sales>210139.7</Sales>
  </vSales>
  <vSales>
    <ProdCat>Component</ProdCat>
    <SubCat>Crankset</SubCat>
    <OrderYear>2003</OrderYear>
    <OrderQtr>Q3</OrderQtr>
    <Sales>201227.2028</Sales>
  </vSales>
  <vSales>
    <ProdCat>Component</ProdCat>
    <SubCat>Fork</SubCat>
    <OrderYear>2002</OrderYear>
    <OrderQtr>Q3</OrderQtr>
    <Sales>32351.616</Sales>
  </vSales>
  <vSales>
    <ProdCat>Clothing</ProdCat>
    <SubCat>Tights</SubCat>
    <OrderYear>2003</OrderYear>
    <OrderQtr>Q1</OrderQtr>
    <Sales>33054.6891</Sales>
  </vSales>
  <vSales>
    <ProdCat>Accessory</ProdCat>
    <SubCat>Bottles &amp; Cages</SubCat>
    <OrderYear>2003</OrderYear>
    <OrderQtr>Q4</OrderQtr>
    <Sales>23894.238</Sales>
  </vSales>
  <vSales>
    <ProdCat>Accessory</ProdCat>
    <SubCat>Tires &amp; Tubes</SubCat>
    <OrderYear>2003</OrderYear>
    <OrderQtr>Q1</OrderQtr>
    <Sales>5372.94</Sales>
  </vSales>
  <vSales>
    <ProdCat>Clothing</ProdCat>
    <SubCat>Jersey</SubCat>
    <OrderYear>2003</OrderYear>
    <OrderQtr>Q3</OrderQtr>
    <Sales>368725.8379</Sales>
  </vSales>
  <vSales>
    <ProdCat>Component</ProdCat>
    <SubCat>Wheel</SubCat>
    <OrderYear>2002</OrderYear>
    <OrderQtr>Q3</OrderQtr>
    <Sales>359246.1008</Sales>
  </vSales>
  <vSales>
    <ProdCat>Component</ProdCat>
    <SubCat>Saddle</SubCat>
    <OrderYear>2003</OrderYear>
    <OrderQtr>Q3</OrderQtr>
    <Sales>88673.0456</Sales>
  </vSales>
  <vSales>
    <ProdCat>Accessory</ProdCat>
    <SubCat>Pumps</SubCat>
    <OrderYear>2003</OrderYear>
    <OrderQtr>Q2</OrderQtr>
    <Sales>8241.708</Sales>
  </vSales>
  <vSales>
    <ProdCat>Component</ProdCat>
    <SubCat>Bottom Bracket</SubCat>
    <OrderYear>2003</OrderYear>
    <OrderQtr>Q3</OrderQtr>
    <Sales>23334.996</Sales>
  </vSales>
  <vSales>
    <ProdCat>Component</ProdCat>
    <SubCat>Crankset</SubCat>
    <OrderYear>2003</OrderYear>
    <OrderQtr>Q1</OrderQtr>
    <Sales>13599.96</Sales>
  </vSales>
  <vSales>
    <ProdCat>Clothing</ProdCat>
    <SubCat>Vest</SubCat>
    <OrderYear>2003</OrderYear>
    <OrderQtr>Q4</OrderQtr>
    <Sales>94783.65</Sales>
  </vSales>
  <vSales>
    <ProdCat>Component</ProdCat>
    <SubCat>Handlebars  </SubCat>
    <OrderYear>2003</OrderYear>
    <OrderQtr>Q4</OrderQtr>
    <Sales>72543.4627</Sales>
  </vSales>
  <vSales>
    <ProdCat>Component</ProdCat>
    <SubCat>Brakes</SubCat>
    <OrderYear>2002</OrderYear>
    <OrderQtr>Q4</OrderQtr>
    <Sales>782.99</Sales>
  </vSales>
  <vSales>
    <ProdCat>Component</ProdCat>
    <SubCat>Mountain Frame</SubCat>
    <OrderYear>2003</OrderYear>
    <OrderQtr>Q3</OrderQtr>
    <Sales>1405118.8044</Sales>
  </vSales>
  <vSales>
    <ProdCat>Component</ProdCat>
    <SubCat>Road Frame</SubCat>
    <OrderYear>2002</OrderYear>
    <OrderQtr>Q3</OrderQtr>
    <Sales>1191875.9659</Sales>
  </vSales>
  <vSales>
    <ProdCat>Accessory</ProdCat>
    <SubCat>Pumps</SubCat>
    <OrderYear>2003</OrderYear>
    <OrderQtr>Q3</OrderQtr>
    <Sales>26544.18</Sales>
  </vSales>
  <vSales>
    <ProdCat>Component</ProdCat>
    <SubCat>Road Frame</SubCat>
    <OrderYear>2003</OrderYear>
    <OrderQtr>Q2</OrderQtr>
    <Sales>617196.241</Sales>
  </vSales>
  <vSales>
    <ProdCat>Component</ProdCat>
    <SubCat>Touring Frame</SubCat>
    <OrderYear>2002</OrderYear>
    <OrderQtr>Q2</OrderQtr>
    <Sales>3578.27</Sales>
  </vSales>
  <vSales>
    <ProdCat>Bike</ProdCat>
    <SubCat>Road Bike</SubCat>
    <OrderYear>2002</OrderYear>
    <OrderQtr>Q3</OrderQtr>
    <Sales>4753299.0324</Sales>
  </vSales>
  <vSales>
    <ProdCat>Component</ProdCat>
    <SubCat>Headset</SubCat>
    <OrderYear>2003</OrderYear>
    <OrderQtr>Q4</OrderQtr>
    <Sales>16442.79</Sales>
  </vSales>
  <vSales>
    <ProdCat>Bike</ProdCat>
    <SubCat>Road Bike</SubCat>
    <OrderYear>2003</OrderYear>
    <OrderQtr>Q2</OrderQtr>
    <Sales>3963847.2136</Sales>
  </vSales>
  <vSales>
    <ProdCat>Bike</ProdCat>
    <SubCat>Mountain Bike</SubCat>
    <OrderYear>2002</OrderYear>
    <OrderQtr>Q4</OrderQtr>
    <Sales>2841196.0341</Sales>
  </vSales>
  <vSales>
    <ProdCat>Component</ProdCat>
    <SubCat>Saddle</SubCat>
    <OrderYear>2003</OrderYear>
    <OrderQtr>Q1</OrderQtr>
    <Sales>3131.96</Sales>
  </vSales>
  <vSales>
    <ProdCat>Bike</ProdCat>
    <SubCat>Touring Bike</SubCat>
    <OrderYear>2003</OrderYear>
    <OrderQtr>Q1</OrderQtr>
    <Sales>41130.2866</Sales>
  </vSales>
  <vSales>
    <ProdCat>Accessory</ProdCat>
    <SubCat>Bike Stand</SubCat>
    <OrderYear>2003</OrderYear>
    <OrderQtr>Q3</OrderQtr>
    <Sales>4768.14</Sales>
  </vSales>
  <vSales>
    <ProdCat>Accessory</ProdCat>
    <SubCat>Cleaners</SubCat>
    <OrderYear>2002</OrderYear>
    <OrderQtr>Q3</OrderQtr>
    <Sales>143.1</Sales>
  </vSales>
  <vSales>
    <ProdCat>Clothing</ProdCat>
    <SubCat>Socks</SubCat>
    <OrderYear>2002</OrderYear>
    <OrderQtr>Q2</OrderQtr>
    <Sales>2111.85</Sales>
  </vSales>
  <vSales>
    <ProdCat>Clothing</ProdCat>
    <SubCat>Jersey</SubCat>
    <OrderYear>2003</OrderYear>
    <OrderQtr>Q2</OrderQtr>
    <Sales>54947.6267</Sales>
  </vSales>
  <vSales>
    <ProdCat>Accessory</ProdCat>
    <SubCat>Bike Racks</SubCat>
    <OrderYear>2003</OrderYear>
    <OrderQtr>Q4</OrderQtr>
    <Sales>58048.14</Sales>
  </vSales>
  <vSales>
    <ProdCat>Clothing</ProdCat>
    <SubCat>Shorts</SubCat>
    <OrderYear>2003</OrderYear>
    <OrderQtr>Q1</OrderQtr>
    <Sales>14884.3401</Sales>
  </vSales>
  <vSales>
    <ProdCat>Clothing</ProdCat>
    <SubCat>Tights</SubCat>
    <OrderYear>2002</OrderYear>
    <OrderQtr>Q1</OrderQtr>
    <Sales>742.35</Sales>
  </vSales>
  <vSales>
    <ProdCat>Component</ProdCat>
    <SubCat>Chain</SubCat>
    <OrderYear>2003</OrderYear>
    <OrderQtr>Q2</OrderQtr>
    <Sales>3374.99</Sales>
  </vSales>
  <vSales>
    <ProdCat>Clothing</ProdCat>
    <SubCat>Gloves</SubCat>
    <OrderYear>2002</OrderYear>
    <OrderQtr>Q4</OrderQtr>
    <Sales>44898.6712</Sales>
  </vSales>
  <vSales>
    <ProdCat>Clothing</ProdCat>
    <SubCat>Bib-Short </SubCat>
    <OrderYear>2003</OrderYear>
    <OrderQtr>Q4</OrderQtr>
    <Sales>13583.7429</Sales>
  </vSales>
  <vSales>
    <ProdCat>Clothing</ProdCat>
    <SubCat>Jersey</SubCat>
    <OrderYear>2002</OrderYear>
    <OrderQtr>Q3</OrderQtr>
    <Sales>68239.7062</Sales>
  </vSales>
  <vSales>
    <ProdCat>Clothing</ProdCat>
    <SubCat>Cap</SubCat>
    <OrderYear>2003</OrderYear>
    <OrderQtr>Q3</OrderQtr>
    <Sales>46124.1375</Sales>
  </vSales>
  <vSales>
    <ProdCat>Accessory</ProdCat>
    <SubCat>Locks</SubCat>
    <OrderYear>2003</OrderYear>
    <OrderQtr>Q2</OrderQtr>
    <Sales>6374.7</Sales>
  </vSales>
  <vSales>
    <ProdCat>Clothing</ProdCat>
    <SubCat>Tights</SubCat>
    <OrderYear>2003</OrderYear>
    <OrderQtr>Q3</OrderQtr>
    <Sales>24535.096</Sales>
  </vSales>
  <vSales>
    <ProdCat>Component</ProdCat>
    <SubCat>Bottom Bracket</SubCat>
    <OrderYear>2003</OrderYear>
    <OrderQtr>Q2</OrderQtr>
    <Sales>229.47</Sales>
  </vSales>
  <vSales>
    <ProdCat>Component</ProdCat>
    <SubCat>Crankset</SubCat>
    <OrderYear>2002</OrderYear>
    <OrderQtr>Q1</OrderQtr>
    <Sales>3399.99</Sales>
  </vSales>
  <vSales>
    <ProdCat>Component</ProdCat>
    <SubCat>Handlebars  </SubCat>
    <OrderYear>2002</OrderYear>
    <OrderQtr>Q4</OrderQtr>
    <Sales>27161.2539</Sales>
  </vSales>
  <vSales>
    <ProdCat>Clothing</ProdCat>
    <SubCat>Socks</SubCat>
    <OrderYear>2003</OrderYear>
    <OrderQtr>Q4</OrderQtr>
    <Sales>26132.6025</Sales>
  </vSales>
  <vSales>
    <ProdCat>Clothing</ProdCat>
    <SubCat>Vest</SubCat>
    <OrderYear>2002</OrderYear>
    <OrderQtr>Q4</OrderQtr>
    <Sales>960.12</Sales>
  </vSales>
  <vSales>
    <ProdCat>Component</ProdCat>
    <SubCat>Road Frame</SubCat>
    <OrderYear>2002</OrderYear>
    <OrderQtr>Q2</OrderQtr>
    <Sales>212205.7119</Sales>
  </vSales>
  <vSales>
    <ProdCat>Component</ProdCat>
    <SubCat>Mountain Frame</SubCat>
    <OrderYear>2003</OrderYear>
    <OrderQtr>Q2</OrderQtr>
    <Sales>569119.5743</Sales>
  </vSales>
  <vSales>
    <ProdCat>Component</ProdCat>
    <SubCat>Derailleur</SubCat>
    <OrderYear>2003</OrderYear>
    <OrderQtr>Q4</OrderQtr>
    <Sales>51209.1048</Sales>
  </vSales>
  <vSales>
    <ProdCat>Component</ProdCat>
    <SubCat>Headset</SubCat>
    <OrderYear>2002</OrderYear>
    <OrderQtr>Q4</OrderQtr>
    <Sales>20272.707</Sales>
  </vSales>
  <vSales>
    <ProdCat>Component</ProdCat>
    <SubCat>Mountain Frame</SubCat>
    <OrderYear>2002</OrderYear>
    <OrderQtr>Q3</OrderQtr>
    <Sales>757712.2366</Sales>
  </vSales>
  <vSales>
    <ProdCat>Component</ProdCat>
    <SubCat>Fork</SubCat>
    <OrderYear>2003</OrderYear>
    <OrderQtr>Q3</OrderQtr>
    <Sales>87749.74</Sales>
  </vSales>
  <vSales>
    <ProdCat>Bike</ProdCat>
    <SubCat>Mountain Bike</SubCat>
    <OrderYear>2003</OrderYear>
    <OrderQtr>Q1</OrderQtr>
    <Sales>2282559.9977</Sales>
  </vSales>
  <vSales>
    <ProdCat>Bike</ProdCat>
    <SubCat>Touring Bike</SubCat>
    <OrderYear>2002</OrderYear>
    <OrderQtr>Q1</OrderQtr>
    <Sales>5669.98</Sales>
  </vSales>
  <vSales>
    <ProdCat>Accessory</ProdCat>
    <SubCat>Lights</SubCat>
    <OrderYear>2003</OrderYear>
    <OrderQtr>Q4</OrderQtr>
    <Sales>18222.75</Sales>
  </vSales>
  <vSales>
    <ProdCat>Bike</ProdCat>
    <SubCat>Road Bike</SubCat>
    <OrderYear>2002</OrderYear>
    <OrderQtr>Q2</OrderQtr>
    <Sales>2303316.0402</Sales>
  </vSales>
  <vSales>
    <ProdCat>Component</ProdCat>
    <SubCat>Pedals</SubCat>
    <OrderYear>2003</OrderYear>
    <OrderQtr>Q1</OrderQtr>
    <Sales>3131.96</Sales>
  </vSales>
  <vSales>
    <ProdCat>Accessory</ProdCat>
    <SubCat>Pumps</SubCat>
    <OrderYear>2002</OrderYear>
    <OrderQtr>Q3</OrderQtr>
    <Sales>5181.408</Sales>
  </vSales>
  <vSales>
    <ProdCat>Accessory</ProdCat>
    <SubCat>Locks</SubCat>
    <OrderYear>2003</OrderYear>
    <OrderQtr>Q3</OrderQtr>
    <Sales>1214.85</Sales>
  </vSales>
  <vSales>
    <ProdCat>Accessory</ProdCat>
    <SubCat>Lights</SubCat>
    <OrderYear>2003</OrderYear>
    <OrderQtr>Q1</OrderQtr>
    <Sales>3644.55</Sales>
  </vSales>
  <vSales>
    <ProdCat>Clothing</ProdCat>
    <SubCat>Jersey</SubCat>
    <OrderYear>2002</OrderYear>
    <OrderQtr>Q2</OrderQtr>
    <Sales>19144.8893</Sales>
  </vSales>
  <vSales>
    <ProdCat>Clothing</ProdCat>
    <SubCat>Cap</SubCat>
    <OrderYear>2003</OrderYear>
    <OrderQtr>Q2</OrderQtr>
    <Sales>3213.8964</Sales>
  </vSales>
  <vSales>
    <ProdCat>Clothing</ProdCat>
    <SubCat>Gloves</SubCat>
    <OrderYear>2003</OrderYear>
    <OrderQtr>Q1</OrderQtr>
    <Sales>30000.4015</Sales>
  </vSales>
  <vSales>
    <ProdCat>Clothing</ProdCat>
    <SubCat>Shorts</SubCat>
    <OrderYear>2002</OrderYear>
    <OrderQtr>Q1</OrderQtr>
    <Sales>485.0307</Sales>
  </vSales>
  <vSales>
    <ProdCat>Clothing</ProdCat>
    <SubCat>Cap</SubCat>
    <OrderYear>2002</OrderYear>
    <OrderQtr>Q3</OrderQtr>
    <Sales>4438.773</Sales>
  </vSales>
  <vSales>
    <ProdCat>Clothing</ProdCat>
    <SubCat>Bib-Short </SubCat>
    <OrderYear>2002</OrderYear>
    <OrderQtr>Q4</OrderQtr>
    <Sales>38313.2425</Sales>
  </vSales>
</DataSet1>